0,"['-73.47935661', '45.6677507']"
1,"['-0.13608912', '51.50413561']"
2,"['-0.33986', '51.54927']"
3,"['-117.228', '33.9431']"
4,"['151.20797', '-33.86751']"
5,"['-2.18091488', '53.00778835']"
6,"['80.3269', '26.4421']"
7,"['-122.419', '37.7793']"
8,"['-85', '50']"
9,"['-3.37723541', '51.49539123']"
10,"['0.52550292', '51.6028586']"
11,"['3.39583', '6.45306']"
12,"['12.5561399', '55.672']"
13,"['-73.56726563', '45.63697547']"
14,"['-0.77620348', '53.39360565']"
15,"['124.831944', '1.4593804']"
16,"['-97.73549055', '30.26585335']"
17,"['-121.4947', '38.577']"
18,"['-73.78297163', '40.7127028']"
19,"['9.00847', '50.06552']"
20,"['-82.6794', '27.7706']"
21,"['-105.28117444', '40.02597423']"
22,"['77.59295833', '12.03075833']"
23,"['11.25', '43.7833']"
24,"['81', '7']"
25,"['35.89897363', '-6.39046719']"
26,"['-1.28948809', '52.88314014']"
27,"['-79.7164011', '43.7742911']"
28,"['36.8219462', '-1.2920659']"
29,"['3.41778', '6.44213']"
30,"['8.57', '53.55']"
31,"['-0.13608912', '51.50413561']"
32,"['28.06045532', '-26.21659308']"
33,"['33.7767', '-13.9503']"
34,"['-118.2445', '34.0564']"
35,"['36.8167', '-1.28333']"
36,"['-117.297', '33.122']"
37,"['77.17969764', '28.52158929']"
38,"['11.10659', '59.28324']"
39,"['-115.26506647', '36.16945545']"
40,"['-0.1094', '51.5141']"
41,"['-0.77618598', '53.39361775']"
42,"['145.01208', '-37.84792']"
43,"['-79.3872', '43.648']"
44,"['-73.71581', '40.85683']"
45,"['-84.3889', '33.7566']"
46,"['-79.2667', '43.8667']"
47,"['-118.35283756', '33.79715913']"
48,"['104.16412354', '2.82864513']"
49,"['-73.56726563', '45.63697547']"
50,"['122.1572', '-0.9416']"
51,"['-0.77619829', '53.39363133']"
52,"['77', '21']"
53,"['-73.56725453', '45.75975883']"
54,"['-6.28034668', '53.36853317']"
55,"['72.8764', '19.0627']"
56,"['-73.91345039', '40.75756261']"
57,"['18.4667', '-34.0167']"
58,"['6.76290035', '51.2795282']"
59,"['-90.6769', '35.83235']"
60,"['121.0443', '14.5789']"
61,"['72.83', '21.17']"
62,"['77.3208', '28.3922']"
63,"['153.028', '-27.4678']"
64,"['-0.1094', '51.5141']"
65,"['-118.2445', '34.0564']"
66,"['21.008333', '52.232222']"
67,"['2.3422747', '48.8475897']"
68,"['3.4172222', '6.43685']"
69,"['-121.4947', '38.577']"
70,"['-81.83273956', '38.03078171']"
71,"['-0.1099', '51.3727']"
72,"['-122.49590779', '37.74711729']"
73,"['145.68976784', '-16.83843449']"
74,"['-106.489', '31.7658']"
75,"['77.31974', '28.58052']"
76,"['5.6226', '6.3324']"
77,"['-157.82513447', '21.27905124']"
78,"['101.64736', '3.16528']"
79,"['73.2', '22.3']"
80,"['120.40897785', '15.64799889']"
81,"['-122.0791', '37.3935']"
82,"['3.3696059', '6.6127409']"
83,"['-87.632496', '41.883222']"
84,"['-122.675', '45.5236111']"
85,"['72.8764', '19.0627']"
86,"['-122.38769', '37.75026']"
87,"['-122.19774221', '37.728013']"
88,"['139.69153906', '35.7021841']"
89,"['100.494', '13.7522']"
90,"['106.89447176', '-6.11613985']"
91,"['28.06045532', '-26.21659308']"
92,"['-73.91078056', '40.66065278']"
93,"['125.62217915', '7.07231181']"
94,"['78.401', '17.4904']"
95,"['-78.7834', '35.7872']"
96,"['78.5005327', '17.57305505']"
97,"['7.38030249', '9.11041164']"
98,"['3.51962', '6.66163966']"
99,"['-0.7761912', '53.39362057']"
100,"['77.597645', '12.971117']"
101,"['75.8167', '26.9167']"
102,"['72.8764', '19.0627']"
103,"['3.39583', '6.45306']"
104,"['3.353925', '6.60424676']"
105,"['116.8478', '-1.2468']"
106,"['-2.8810099', '53.2019857']"
107,"['-0.3412546', '51.5040109']"
108,"['-1.29032094', '52.97921536']"
109,"['-118.50113056', '34.20113889']"
110,"['-73.56726563', '45.63697547']"
111,"['101.94479343', '2.70920024']"
112,"['-120.62504543', '35.1377928']"
113,"['-2.153', '52.267']"
114,"['-8.47', '51.8972']"
115,"['-80.28091469', '25.97734614']"
116,"['15.466667', '45.25']"
117,"['-4.69379654', '50.6830695']"
118,"['-0.77614657', '53.39362533']"
119,"['30.9902', '-29.8717']"
120,"['-3.70748341', '40.41865035']"
121,"['-96.13810658', '19.13517436']"
122,"['-73.56726563', '45.63697547']"
123,"['32.0996', '-28.7827']"
124,"['2.3492', '48.8573']"
125,"['-1.89943716', '52.48416375']"
126,"['103.84694595', '1.27929057']"
127,"['-0.1094', '51.5141']"
128,"['-95.3891094', '29.7144691']"
129,"['-73.56725453', '45.75975883']"
130,"['-0.07939436', '51.47496745']"
131,"['-0.13568176', '51.49971767']"
132,"['146.39552457', '-36.0370281']"
133,"['-0.07939436', '51.47496745']"
134,"['79.59', '17.99']"
135,"['3.376923', '6.481705']"
136,"['7.1848', '51.1814']"
137,"['3.39583', '6.45306']"
138,"['-73.47935661', '45.6677507']"
139,"['103.856', '1.29306']"
140,"['4.45333', '51.92972']"
141,"['-118.1488', '34.1467']"
142,"['77.219672', '28.631747']"
143,"['174.7657', '-36.8473']"
144,"['-0.20746', '51.56851']"
145,"['-80.1617', '25.92786']"
146,"['-0.97835643', '51.45134687']"
147,"['18.38778734', '-34.01369848']"
148,"['-123.3645', '48.4287']"
149,"['-73.47935661', '45.6677507']"
150,"['0.63964', '51.80099']"
151,"['-97.73549055', '30.26585335']"
152,"['-123.12713019', '49.24963985']"
153,"['9.16986233', '45.50477609']"
154,"['75.8167', '26.9167']"
155,"['55.2741', '25.1994']"
156,"['103.856', '1.29306']"
157,"['-4.309626', '55.852472']"
158,"['-123.3645', '48.4287']"
159,"['-81.3221', '28.7572']"
160,"['106.8319407', '-6.12831341']"
161,"['-0.00198492', '-0.00852319']"
162,"['-0.07863252', '51.50503489']"
163,"['-73.47935661', '45.6677507']"
164,"['101.7109', '3.1581']"
165,"['3.39583', '6.45306']"
166,"['-71.5', '41.7']"
167,"['75.73236465', '29.12965255']"
168,"['-0.13355317', '51.49594393']"
169,"['75.8167', '26.9167']"
170,"['-0.14367274', '51.55141874']"
171,"['151.2222147', '-33.85945782']"
172,"['3.31273779', '6.46354851']"
173,"['-0.2248', '51.5308']"
174,"['-92.03909', '30.22874']"
175,"['-118.1488', '34.1467']"
176,"['2.17393041', '41.38359494']"
177,"['0.81552029', '51.6301173']"
178,"['-0.13608912', '51.50413561']"
179,"['144.85776', '-37.73341']"
180,"['-118.50113056', '34.20113889']"
181,"['55.2741', '25.1994']"
182,"['-122.41478744', '37.74107121']"
183,"['133.68232727', '-32.12074612']"
184,"['8', '9']"
185,"['77.597645', '12.971117']"
186,"['-1.22701', '51.7473488']"
187,"['2.36556752', '48.82359481']"
188,"['-117.74975394', '34.057913']"
189,"['-73.56726563', '45.63697547']"
190,"['84.9151306', '26.6516991']"
191,"['77.5945627', '12.9715987']"
192,"['78.1667', '11.65']"
193,"['-123.04986139', '49.22826439']"
194,"['3.9167', '7.3964']"
195,"['-74.00784552', '40.65373341']"
196,"['-0.13608912', '51.50413561']"
197,"['-3.2994352', '57.6514268']"
198,"['-2.185', '52.257']"
199,"['-1.13333', '52.6333']"
200,"['-2.27736664', '53.43743662']"
201,"['114.27789131', '22.39471522']"
202,"['13.401251', '52.518391']"
203,"['11.1', '43.8833']"
204,"['135', '-25']"
205,"['78.5698', '25.4486']"
206,"['-52.32130856', '4.9401287']"
207,"['-1.5443356', '53.7763925']"
208,"['103.7123', '1.3513']"
209,"['-74.0064', '40.7142']"
210,"['11.1', '43.8833']"
211,"['-4.09719229', '50.40954316']"
212,"['-1.13333', '52.6333']"
213,"['-1.49328634', '51.99618921']"
214,"['28.04719473', '-26.30990865']"
215,"['174.7657', '-36.8473']"
216,"['-84.09863249', '34.03884441']"
217,"['3.9167', '7.3964']"
218,"['28.1869', '-25.7533']"
219,"['3.9167', '7.3964']"
220,"['3.9167', '7.3964']"
221,"['-64', '-34']"
222,"['16.56953556', '59.60588944']"
223,"['84.9151306', '26.6516991']"
224,"['3.9167', '7.3964']"
225,"['84.9151306', '26.6516991']"
226,"['172.64557743', '-43.54035917']"
227,"['73.8567', '18.5203']"
228,"['0.4693', '51.7359']"
229,"['4.8089166', '52.48034239']"
230,"['49.59154649', '53.51627774']"
231,"['3.9167', '7.3964']"
232,"['-2.58333', '51.45']"
233,"['11.1', '43.8833']"
234,"['72.8419507', '19.0464643']"
235,"['3.9167', '7.3964']"
236,"['3.9167', '7.3964']"
237,"['3.39583', '6.45306']"
238,"['4.84969', '52.50772']"
239,"['3.9167', '7.3964']"
240,"['55.2741', '25.1994']"
241,"['12.64418', '41.74178']"
242,"['-73.56726563', '45.63697547']"
243,"['-118.2445', '34.0564']"
244,"['-0.21342409', '51.29511849']"
245,"['150.78706', '-34.20191']"
246,"['-73.56725453', '45.75975883']"
247,"['16.3731', '48.2083']"
248,"['3.9167', '7.3964']"
249,"['3.9167', '7.3964']"
250,"['0.4693', '51.7359']"
251,"['-121.5705372', '37.00748787']"
252,"['-0.1094', '51.5141']"
253,"['3.39583', '6.45306']"
254,"['144.9661', '-37.8156']"
255,"['3.9167', '7.3964']"
256,"['34.15', '0.43333333']"
257,"['28.1869', '-25.7533']"
258,"['-77.4371', '37.5373']"
259,"['3.08829346', '6.66109353']"
260,"['-73.47935661', '45.6677507']"
261,"['3.9167', '7.3964']"
262,"['-2.37082691', '53.56086232']"
263,"['-0.77619451', '53.39361029']"
264,"['72.83', '21.17']"
265,"['101.6928451', '3.0707418']"
266,"['-1.8987', '52.4806']"
267,"['-115.18349', '36.08803']"
268,"['3.9167', '7.3964']"
269,"['118.76811385', '32.05335255']"
270,"['103.7123', '1.3513']"
271,"['-96.7977', '32.7774']"
272,"['-0.1094', '51.5141']"
273,"['151.20797', '-33.86751']"
274,"['7.4833', '9.0667']"
275,"['3.9167', '7.3964']"
276,"['3.9167', '7.3964']"
277,"['3.9167', '7.3964']"
278,"['3.9167', '7.3964']"
279,"['3.9167', '7.3964']"
280,"['3.39583', '6.45306']"
281,"['-0.13608912', '51.50413561']"
282,"['-2.22788', '53.32679']"
283,"['5.26970307', '51.22695861']"
284,"['60.6779', '56.84013']"
285,"['-74.1849', '40.7352']"
286,"['3.9167', '7.3964']"
287,"['3.9167', '7.3964']"
288,"['-6.2591', '53.3476']"
289,"['-0.0972655', '51.525004']"
290,"['7.4833', '9.0667']"
291,"['-77.50268722', '38.23106626']"
292,"['-81.29738163', '28.65283203']"
293,"['-73.56725453', '45.75975883']"
294,"['0.11732971', '52.20449637']"
295,"['-74.0064', '40.7142']"
296,"['-0.4305789', '51.57275627']"
297,"['-74.0007613', '40.7207559']"
298,"['-0.15298284', '51.56119957']"
299,"['7.4833', '9.0667']"
300,"['-73.8516994', '42.6145104']"
301,"['-0.1094', '51.5141']"
302,"['-73.56725453', '45.75975883']"
303,"['7.0642', '4.8164']"
304,"['14.48831076', '35.90114914']"
305,"['3.39256333', '6.52982165']"
306,"['13.1605', '-8.9394']"
307,"['-87.6461792', '41.90023277']"
308,"['-77.35160753', '38.8650759']"
309,"['85.32024264', '27.70301223']"
310,"['15.45', '41.7833']"
311,"['-4.96263989', '36.49729342']"
312,"['0.55324', '51.87776']"
313,"['85.35074472', '27.70528247']"
314,"['2.3492', '48.8573']"
315,"['0.37338294', '50.81937006']"
316,"['0.04968474', '51.5447969']"
317,"['-0.41182', '51.5705']"
318,"['-59.62888893', '13.13367543']"
319,"['-80.9318507', '46.4916824']"
320,"['36.81666667', '-1.28333333']"
321,"['-0.77614997', '53.39362303']"
322,"['3.39583', '6.45306']"
323,"['21.008333', '52.232222']"
324,"['-80.28091469', '25.97734614']"
325,"['-82.5122', '40.0675']"
326,"['-0.1155349', '53.8319973']"
327,"['-73.56725453', '45.75975883']"
328,"['3.39583', '6.45306']"
329,"['-73.56726563', '45.63697547']"
330,"['-0.97835544', '51.45134762']"
331,"['-76.9434', '-12.221']"
332,"['-80.109346', '26.1609172']"
333,"['112.743', '-7.2647']"
334,"['100.53376524', '13.74472161']"
335,"['-74.0064', '40.7142']"
336,"['-73.8516994', '42.6145104']"
337,"['-73.994508', '40.763186']"
338,"['152.35228', '-24.86792']"
339,"['-74.0064', '40.7142']"
340,"['-75.1651', '39.9527']"
341,"['12', '43']"
342,"['78.33496923', '17.51029703']"
343,"['-79.3872', '43.648']"
344,"['151.20724931', '-33.88894011']"
345,"['-73.56726563', '45.63697547']"
346,"['-70.1004', '41.2815']"
347,"['5.3', '6.8']"
348,"['-1.6159', '53.7876']"
349,"['-1.774445', '51.560602']"
350,"['-77.45926676', '37.59054879']"
351,"['-97.21893343', '34.72174589']"
352,"['-1.15946732', '50.65433016']"
353,"['7.5103', '6.4527']"
354,"['-1.315', '34.8782']"
355,"['-74.30082', '40.99829']"
356,"['114.19142917', '22.28607268']"
357,"['-36.02622916', '56.27888808']"
358,"['-80.28091469', '25.97734614']"
359,"['-73.56726563', '45.63697547']"
360,"['101.7109', '3.1581']"
361,"['-2.36132', '51.38503']"
362,"['13.542336', '-12.4291095']"
363,"['151.20615', '-33.87172']"
364,"['138.517', '-35.0167']"
365,"['-6.2591', '53.3476']"
366,"['-73.47935661', '45.6677507']"
367,"['-79.38512824', '43.6408863']"
368,"['-0.1094', '51.5141']"
369,"['7.4833', '9.0667']"
370,"['-77.5820908', '35.262204']"
371,"['121.41127545', '14.28008729']"
372,"['72.83', '21.17']"
373,"['-80.2802', '26.0814']"
374,"['-112.0777', '33.4482']"
375,"['6.69821555', '6.23239923']"
376,"['-73.73022', '45.43897']"
377,"['-73.8516994', '42.6145104']"
378,"['77.27617188', '28.53861577']"
379,"['30.9998', '-29.8502']"
380,"['3.39583', '6.45306']"
381,"['24.67250997', '60.14265708']"
382,"['-79.7164011', '43.7742911']"
383,"['-1.6167', '6.6667']"
384,"['31.1667', '-26.4']"
385,"['-0.1094', '51.5141']"
386,"['-6.36137366', '32.33418445']"
387,"['-0.6966161', '52.3025682']"
388,"['54.3667', '24.4667']"
389,"['77.05416667', '28.6']"
390,"['0.1432236', '52.218153']"
391,"['-73.56726563', '45.63697547']"
392,"['2.3567407', '48.85810108']"
393,"['77.18976', '28.75995']"
394,"['-94.7891017', '29.2957383']"
395,"['-76.8907', '38.81605']"
396,"['7.4833', '9.0667']"
397,"['-8.24389', '53.41291']"
398,"['-99.12826538', '19.47743572']"
399,"['77', '21']"
400,"['77.2089', '28.6139']"
401,"['-80.3515607', '25.7777662']"
402,"['-121.57834142', '37.01910538']"
403,"['-80.22482778', '25.83180278']"
404,"['3.39583', '6.45306']"
405,"['115.4817152', '-8.75941794']"
406,"['-77.44398147', '37.56314508']"
407,"['-77.51326561', '38.29148603']"
408,"['-81.98349267', '28.001631']"
409,"['-75.06532142', '40.18018018']"
410,"['7.4833', '9.0667']"
411,"['-74.0064', '40.7142']"
412,"['18.38893149', '-33.91716276']"
413,"['-74.52561356', '40.49930348']"
414,"['103.84686883', '1.28909225']"
415,"['-73.47935661', '45.6677507']"
416,"['-0.1094', '51.5141']"
417,"['120.5887', '15.145']"
418,"['28.0234394', '-26.0901508']"
419,"['-75.9913565', '36.8933124']"
420,"['-0.1094', '51.5141']"
421,"['-95.26248', '29.863']"
422,"['-0.1792583', '51.5191264']"
423,"['75.8655', '22.7253']"
424,"['-2.40047', '53.52159']"
425,"['-80.13085376', '25.78115433']"
426,"['-99.13547516', '19.43757829']"
427,"['-73.47935661', '45.6677507']"
428,"['7.4833', '9.0667']"
429,"['-95.18046', '30.05091']"
430,"['24.55718994', '46.54563867']"
431,"['12.56756', '55.67567']"
432,"['-4.309626', '55.852472']"
433,"['-73.8516994', '42.6145104']"
434,"['103.83196347', '1.3051324']"
435,"['3.3556785', '6.5828447']"
436,"['-73.47935661', '45.6677507']"
437,"['5.3387', '60.3765']"
438,"['-0.2', '5.55']"
439,"['120.9897433', '14.6123328']"
440,"['-73.95', '40.65']"
441,"['-118.2445', '34.0564']"
442,"['-84.3889', '33.7566']"
443,"['-71.0565', '42.3577']"
444,"['-122.79679', '49.02392']"
445,"['-80.4833', '43.45']"
446,"['-80.1335', '25.8138']"
447,"['-87.632496', '41.883222']"
448,"['-7.08056729', '53.44698348']"
449,"['-1.38333', '50.9833']"
450,"['104.00166667', '1.38333333']"
451,"['-79.9975', '40.4411']"
452,"['-73.8531', '40.7493']"
453,"['-79.977498', '40.4638992']"
454,"['-73.972216', '40.77274259']"
455,"['122.47337982', '10.69119532']"
456,"['3.88333', '51']"
457,"['-73.28185', '41.42005']"
458,"['-82.1797', '41.4679']"
459,"['77.24889832', '28.54119842']"
460,"['151.18504818', '-33.89985695']"
461,"['-74.5', '40']"
462,"['-73.56725453', '45.75975883']"
463,"['21.008333', '52.232222']"
464,"['-73.78407219', '40.71231714']"
465,"['-76.79378372', '17.96397194']"
466,"['-97.1397', '49.8873']"
467,"['-95.56404977', '29.56304729']"
468,"['-79.34590195', '43.70289602']"
469,"['55.22157171', '25.17683057']"
470,"['3.39583', '6.45306']"
471,"['-84.3889', '33.7566']"
472,"['-84.31398', '34.01834']"
473,"['-0.77617', '51.57307']"
474,"['-0.2200003', '5.6129644']"
475,"['-80.3515607', '25.7777662']"
476,"['-76.03962428', '42.10933757']"
477,"['-80.1949274', '25.857429']"
478,"['77.3208', '28.3922']"
479,"['-80.8034', '34.9896']"
480,"['-2.36132', '51.38503']"
481,"['7.4833', '9.0667']"
482,"['-73.96555556', '40.76916667']"
483,"['-1.34571871', '54.23131331']"
484,"['-99.12826538', '19.47743572']"
485,"['-1.139463', '51.569844']"
486,"['-73.56725453', '45.75975883']"
487,"['-0.12450144', '51.50013926']"
488,"['-73.94111111', '40.68333333']"
489,"['-1.51231527', '54.18166382']"
490,"['19.83384416', '45.30524952']"
491,"['-4.2267587', '57.477325']"
492,"['-105.479324', '44.3016878']"
493,"['-123.07571411', '49.23587045']"
494,"['-123.07571411', '49.23587045']"
495,"['-87.260607', '33.186328']"
496,"['-43.18069722', '-22.96703333']"
497,"['-93.53481', '43.41928']"
498,"['-0.26862', '5.60305']"
499,"['77.2045876', '28.56010567']"
500,"['-0.77620677', '53.39364194']"
501,"['-72.66085621', '41.55127542']"
502,"['3.46949356', '6.44520397']"
503,"['-60.667', '11.25']"
504,"['13.4525', '52.4761']"
505,"['35.23424579', '31.75177588']"
506,"['-73.56725453', '45.75975883']"
507,"['34.45', '31.5167']"
508,"['100.4796', '6.9983']"
509,"['-77.22257774', '38.91711549']"
510,"['103.66079', '1.30303']"
511,"['-111.58', '40.1332']"
512,"['-74.0064', '40.7142']"
513,"['-3.16295', '55.9692917']"
514,"['-0.1094', '51.5141']"
515,"['-81.32806152', '48.47593351']"
516,"['-4.309626', '55.852472']"
517,"['-77.056', '38.9284']"
518,"['-73.56725453', '45.75975883']"
519,"['-8.46977234', '51.92003951']"
520,"['-73.47935661', '45.6677507']"
521,"['-80.1418', '26.1358']"
522,"['-80.84333333', '35.22694444']"
523,"['-95.14124102', '29.54485019']"
524,"['-74.20369289', '40.72239028']"
525,"['-1.88', '50.72']"
526,"['-0.0211', '51.5836']"
527,"['-86.7939987', '35.9118385']"
528,"['73.98018', '15.27471']"
529,"['-79.3278', '43.6913']"
530,"['-0.198', '51.582']"
531,"['-80.8480202', '35.22734042']"
532,"['86.21638889', '22.8275']"
533,"['32.5811', '0.3136']"
534,"['-84.3889', '33.7566']"
535,"['-98.44814947', '29.58118032']"
536,"['-77.47', '37.55']"
537,"['-73.7333', '45.6']"
538,"['103.98982511', '1.35506915']"
539,"['-99.13547516', '19.43757829']"
540,"['-3.99', '51.62']"
541,"['3.46949356', '6.44520397']"
542,"['-76.9815877', '38.9052763']"
543,"['-123.07571411', '49.23587045']"
544,"['67.00277778', '24.8575']"
545,"['-81.8571', '26.6318']"
546,"['3.606779', '6.508084']"
547,"['-1.139479', '51.569857']"
548,"['-95.5652928', '29.5700201']"
549,"['-79.7941', '43.3325']"
550,"['-90.2467661', '38.6362117']"
551,"['73.77267838', '18.50779321']"
552,"['-97.14432927', '49.94444901']"
553,"['-122.56211626', '45.48207946']"
554,"['18.3513093', '-34.1455883']"
555,"['-70.1004', '41.2815']"
556,"['-0.1094', '51.5141']"
557,"['-74.07805556', '40.90666667']"
558,"['-77.0367', '38.8951']"
559,"['73.2', '22.3']"
560,"['-83.465372', '33.9216026']"
561,"['-79.38512824', '43.6408863']"
562,"['-63.5735', '44.6462']"
563,"['-122.3244', '47.3999']"
564,"['-87.632496', '41.883222']"
565,"['3.39583', '6.45306']"
566,"['-76.479', '39.4014']"
567,"['-80.13383099', '25.79501226']"
568,"['14.48412445', '40.7481249']"
569,"['-82.78294854', '28.01303557']"
570,"['-0.1094', '51.5141']"
571,"['-77.4795', '37.57537']"
572,"['-73.96555556', '40.76916667']"
573,"['74.68879755', '34.2553473']"
574,"['-79.39874167', '43.64778833']"
575,"['-73.94111111', '40.68333333']"
576,"['-83.01747', '40.09847']"
577,"['72.83', '21.17']"
578,"['-0.13608912', '51.50413561']"
579,"['-73.98644', '40.75839']"
580,"['-73.95', '40.65']"
581,"['-93.5069', '44.7812']"
582,"['77.225759', '28.589821']"
583,"['-74.0007613', '40.7207559']"
584,"['-73.94170892', '40.67106927']"
585,"['-73.1991', '40.7842']"
586,"['-74.0007613', '40.7207559']"
587,"['-121.4947', '38.577']"
588,"['84.9151306', '26.6516991']"
589,"['-75.96628547', '43.04631084']"
590,"['-117.566', '33.8753']"
591,"['-0.61926196', '51.98958581']"
592,"['-122.419', '37.7793']"
593,"['-74.0007613', '40.7207559']"
594,"['-73.956787', '40.672497']"
595,"['-73.7622', '41.0307']"
596,"['7.4833', '9.0667']"
597,"['-118.3333', '33.9455']"
598,"['114.158', '22.2826']"
599,"['0.75', '51.25']"
600,"['-70.6973', '-33.5977']"
601,"['-87.9188', '43.0373']"
602,"['-94.5809', '39.1022']"
603,"['-74.0064', '40.7142']"
604,"['-84.29597233', '33.93532941']"
605,"['151.20797', '-33.86751']"
606,"['-73.07957', '41.8305999']"
607,"['-74.0647', '40.7114']"
608,"['-74.0064', '40.7142']"
609,"['-73.56725453', '45.75975883']"
610,"['-73.56725453', '45.75975883']"
611,"['-81.65', '30.33']"
612,"['0.24885803', '52.02184606']"
613,"['-49.2705', '-25.4339']"
614,"['-81.983301', '28.0015992']"
615,"['-87.632496', '41.883222']"
616,"['8.8085', '53.0763']"
617,"['-73.56725453', '45.75975883']"
618,"['-121.98388', '37.22215']"
619,"['-122.675', '45.5236111']"
620,"['-72.6666707', '41.5436764']"
621,"['-99.13547516', '19.43757829']"
622,"['-1.63191925', '53.84618623']"
623,"['-0.316667', '51.5']"
624,"['-97.73549055', '30.26585335']"
625,"['18.462', '-33.7972']"
626,"['-72.5981195', '44.15253213']"
627,"['-87.61653543', '41.8618412']"
628,"['30.58269', '-22.472734']"
629,"['4.4255', '50.922']"
630,"['-74.0226', '40.7776']"
631,"['-122.33374221', '47.7321167']"
632,"['-118.472778', '34.051667']"
633,"['116.29766273', '39.93033344']"
634,"['-112.13867292', '35.65369371']"
635,"['-87.632496', '41.883222']"
636,"['12.50347746', '41.89702475']"
637,"['-115.149', '36.1675']"
638,"['-87.79099393', '41.51165223']"
639,"['-82.5116794', '27.9639971']"
640,"['-74.0064', '40.7142']"
641,"['-65.85580587', '45.49643586']"
642,"['-0.1094', '51.5141']"
643,"['-105.259', '40.0194']"
644,"['72.821532', '18.950307']"
645,"['-122.04412', '37.544284']"
646,"['74.797', '34.0839']"
647,"['55.29418945', '25.24221166']"
648,"['8.34241', '4.974531']"
649,"['2.78805556', '41.97611111']"
650,"['77.46649333', '34.58881333']"
651,"['-90.070864', '29.948479']"
652,"['-122.048684', '37.538559']"
653,"['-74.13160996', '44.32713601']"
654,"['-79.3872', '43.648']"
655,"['-113.29536', '53.542912']"
656,"['-80.82638', '35.14764']"
657,"['-85.77227767', '38.20390703']"
658,"['-80.1624', '25.933']"
659,"['-8.05705182', '37.04417082']"
660,"['-73.56726563', '45.63697547']"
661,"['-70.92026395', '42.50446004']"
662,"['-79.7941', '43.3325']"
663,"['-122.33371482', '47.73212708']"
664,"['-73.98865', '40.75658']"
665,"['-122.675', '45.5236111']"
666,"['36.81993', '-1.28247']"
667,"['-75.65', '45.4083']"
668,"['-92.25166667', '44.13027778']"
669,"['-81.6677928', '41.50267981']"
670,"['-0.1094', '51.5141']"
671,"['-2.547603', '51.189632']"
672,"['77.40842807', '28.51151896']"
673,"['-95.36631', '29.89718']"
674,"['-87.4804', '41.5957']"
675,"['-73.56558', '41.03231']"
676,"['114.1384378', '22.28292']"
677,"['-0.2', '5.55']"
678,"['-89.85916752', '35.05082278']"
679,"['-80.21639', '25.78845']"
680,"['74.3436', '31.5497']"
681,"['-79.3872', '43.648']"
682,"['-75.1651', '39.9527']"
683,"['-0.1094', '51.5141']"
684,"['-73.9375', '40.84166667']"
685,"['-73.9675', '40.7779']"
686,"['-74.45493021', '40.64261066']"
687,"['-90.07583007', '29.95568169']"
688,"['4.70898148', '50.87555246']"
689,"['21.008333', '52.232222']"
690,"['-77.24752', '38.66104']"
691,"['-82.9996', '39.9624']"
692,"['-74.07', '40.96']"
693,"['0.11909008', '52.20534493']"
694,"['0.69072733', '51.54439656']"
695,"['-88.12924', '43.06167']"
696,"['73.7589799', '18.55253']"
697,"['-117.8149321', '33.68632087']"
698,"['-0.1094', '51.5141']"
699,"['-84.58513', '39.19387']"
700,"['-75.3757', '40.6262']"
701,"['-70.1004', '41.2815']"
702,"['85.84', '20.27']"
703,"['-95.992775', '36.1539816']"
704,"['-1.48225307', '50.91819778']"
705,"['3.39583', '6.45306']"
706,"['-111.831562', '33.414035']"
707,"['-72.15153', '41.75173']"
708,"['-81.657', '30.3285']"
709,"['-87.632496', '41.883222']"
710,"['-79.50354109', '43.77141027']"
711,"['-81.3775', '28.5421']"
712,"['-73.978595', '40.72606']"
713,"['11.25', '43.7833']"
714,"['-114.05481', '51.05991']"
715,"['-84.5406', '33.9534']"
716,"['-95.560251', '29.779178']"
717,"['-73.93409927', '40.76328995']"
718,"['-117.3799', '33.1917']"
719,"['9.1897', '45.4643']"
720,"['-74.0007613', '40.7207559']"
721,"['-77.44', '37.55']"
722,"['13.7723', '45.6499']"
723,"['-0.41068', '54.27784']"
724,"['14.72516', '42.04445']"
725,"['72.52166833', '23.03461167']"
726,"['-119.714', '34.4258']"
727,"['-0.2', '5.55']"
728,"['-97.7475', '30.2677']"
729,"['-73.98931228', '40.74172907']"
730,"['-78.1667', '44.1833']"
731,"['116.06692102', '5.97121201']"
732,"['-97.7475', '30.2677']"
733,"['-0.1094', '51.5141']"
734,"['-80.19462897', '25.80119935']"
735,"['-124.80757', '49.23444']"
736,"['3.39583', '6.45306']"
737,"['-89.0928905', '42.27402443']"
738,"['11.0833', '49.45']"
739,"['-87.6979', '41.92357']"
740,"['3.39583', '6.45306']"
741,"['-96.8847', '33.0908']"
742,"['31.0347169', '-29.8469125']"
743,"['85.84', '20.27']"
744,"['-111.81585038', '40.75004606']"
745,"['-84.6370385', '42.50823785']"
746,"['-95.5915499', '29.7704601']"
747,"['-90.070864', '29.948479']"
748,"['-2.18091488', '53.00778835']"
749,"['-73.61488789', '40.70200274']"
750,"['-4.24308068', '57.48716661']"
751,"['-97.3332', '32.7574']"
752,"['-74.0064', '40.7142']"
753,"['-80.22208038', '25.75108341']"
754,"['-118.2445', '34.0564']"
755,"['-83.6271', '32.8376']"
756,"['-74.0454483', '40.60639401']"
757,"['-80.13076', '26.1955']"
758,"['-0.82345963', '53.9593831']"
759,"['-77.11722899', '38.90633381']"
760,"['-74.0007613', '40.7207559']"
761,"['-3.2087', '55.9546']"
762,"['3.39583', '6.45306']"
763,"['-80.388951', '25.568553']"
764,"['-84.3889', '33.7566']"
765,"['-81.657', '30.3285']"
766,"['-0.54092646', '52.39173352']"
767,"['-74.0007613', '40.7207559']"
768,"['-71.0565', '42.3577']"
769,"['-118.3136344', '34.09073173']"
770,"['-79.3872', '43.648']"
771,"['3.39583', '6.45306']"
772,"['60.6779', '56.84013']"
773,"['-74.00168028', '40.78917207']"
774,"['-1.15946732', '50.65433016']"
775,"['2.41667', '39.5833']"
776,"['-112.0777', '33.4482']"
777,"['-75.17996394', '39.96502462']"
778,"['-82.43401', '27.71814']"
779,"['-73.98609044', '40.75282556']"
780,"['27.8635755', '-32.9911514']"
781,"['-84.3889', '33.7566']"
782,"['11.25', '43.7833']"
783,"['-79.40888', '43.64293']"
784,"['-118.33333333', '34.1']"
785,"['-0.13608912', '51.50413561']"
786,"['-77.0367', '38.8951']"
787,"['-87.654102', '41.94352']"
788,"['6.15', '46.2']"
789,"['-76.6121893', '39.2903848']"
790,"['-117.1585', '32.7155']"
791,"['3.9056029', '7.4190347']"
792,"['-3.2087', '55.9546']"
793,"['14.42665', '40.66255']"
794,"['-81.32806152', '48.47593351']"
795,"['-123.3645', '48.4287']"
796,"['-73.78297163', '40.7127028']"
797,"['-84.3889', '33.7566']"
798,"['-80.84333333', '35.22694444']"
799,"['-0.2', '5.55']"
800,"['-74.0007613', '40.7207559']"
801,"['-85.585', '42.8411']"
802,"['10.3667', '44.6667']"
803,"['-3.5336', '50.7218']"
804,"['-72.7', '41.6']"
805,"['-73.47935661', '45.6677507']"
806,"['-0.00214815', '-0.00913504']"
807,"['-75.1006', '39.9767']"
808,"['-97.76448', '30.27432']"
809,"['-73.95', '40.65']"
810,"['-84.36727953', '9.98572332']"
811,"['-118.2445', '34.0564']"
812,"['-77.0367', '38.8951']"
813,"['-73.94837222', '40.80903333']"
814,"['-118.24277043', '34.05372611']"
815,"['84.7978', '19.3087']"
816,"['-8.42986312', '40.20712377']"
817,"['-73.89097686', '40.85337815']"
818,"['-96.7977', '32.7774']"
819,"['75.8655', '22.7253']"
820,"['-75.15037349', '39.94180059']"
821,"['-81.697535', '41.462021']"
822,"['-73.85972', '40.87659']"
823,"['-88.04769292', '30.68484504']"
824,"['73.20109207', '22.2997739']"
825,"['-96.7302371', '43.5473579']"
826,"['3.625', '49.5643']"
827,"['-115.64488149', '36.25775449']"
828,"['-80.249503', '26.124354']"
829,"['-96.7977', '32.7774']"
830,"['-81.32806152', '48.47593351']"
831,"['-78.87605195', '42.93525957']"
832,"['-73.47935661', '45.6677507']"
833,"['-74.0007613', '40.7207559']"
834,"['-97.06770325', '33.03340149']"
835,"['-118.2445', '34.0564']"
836,"['73.20109207', '22.2997739']"
837,"['-74.9824', '39.8537']"
838,"['-0.12781479', '50.83375937']"
839,"['-70.95411877', '42.17542584']"
840,"['-82.5122', '40.0675']"
841,"['74.6391', '26.4505']"
842,"['-83.2166', '42.3146']"
843,"['-73.9427655', '40.7772534']"
844,"['-123.92222222', '45.99277778']"
845,"['-74.0007613', '40.7207559']"
846,"['-86.4482', '42.1111']"
847,"['-86.4482', '42.1111']"
848,"['74.3436', '31.5497']"
849,"['-119.09898851', '35.30797892']"
850,"['3.39583', '6.45306']"
851,"['-1.4667', '53.3833']"
852,"['-0.77618376', '53.39366156']"
853,"['-75.1062', '39.9372']"
854,"['-1.139479', '51.569865']"
855,"['-74.0064', '40.7142']"
856,"['77.01886', '28.47033']"
857,"['-71.04393369', '42.39268435']"
858,"['-82.64147936', '27.79077473']"
859,"['-77.03229658', '38.91425336']"
860,"['-73.56726563', '45.63697547']"
861,"['-74.0007613', '40.7207559']"
862,"['-122.45758443', '37.66061401']"
863,"['-74.0007613', '40.7207559']"
864,"['-79.0556', '35.913']"
865,"['-76.87094', '39.21218']"
866,"['-80.15898056', '25.79086944']"
867,"['5.88914', '51.65836']"
868,"['36.78545923', '-1.322153']"
869,"['3.39583', '6.45306']"
870,"['-71.8', '42.3']"
871,"['-4.27057', '55.8365']"
872,"['-90.0524', '35.1426']"
873,"['-66.63911', '45.96063']"
874,"['-73.95', '40.65']"
875,"['-73.56725453', '45.75975883']"
876,"['-80.522317', '43.46522']"
877,"['-1.139477', '51.569853']"
878,"['-73.956787', '40.672497']"
879,"['-90.070864', '29.948479']"
880,"['100.33783085', '5.41684469']"
881,"['-73.95071', '40.80322']"
882,"['-111.60197796', '35.20444991']"
883,"['-80.5617', '28.0677']"
884,"['-122.31599', '47.60642']"
885,"['-96.79470062', '32.83620071']"
886,"['-73.8603', '40.7472']"
887,"['-0.792', '51.432']"
888,"['34.45', '31.5167']"
889,"['-77.61472222', '43.05944444']"
890,"['-73.97543192', '40.6919302']"
891,"['-63.4833', '44.6167']"
892,"['-79.3872', '43.648']"
893,"['-84.37854', '39.25183']"
894,"['-77.04722222', '38.80472222']"
895,"['-99.20189121', '19.44342439']"
896,"['48.02653582', '29.32633887']"
897,"['80.9381', '26.8388']"
898,"['-74.0323', '40.7429']"
899,"['39.61121163', '24.46695253']"
900,"['-1.15946732', '50.65433016']"
901,"['-77.5817439', '35.2640291']"
902,"['4.35', '50.85']"
903,"['-73.9753699', '40.7891854']"
904,"['-95.36514', '29.73588']"
905,"['-3.70392222', '40.42513056']"
906,"['-0.52664839', '51.88994716']"
907,"['-121.96222222', '37.54861111']"
908,"['-117.925928', '33.694334']"
909,"['-79.12143', '43.22228']"
910,"['-83.37694444', '42.48527778']"
911,"['5.88914', '51.65836']"
912,"['-77.036488', '38.897691']"
913,"['-87.632496', '41.883222']"
914,"['73.8567', '18.5203']"
915,"['3.39583', '6.45306']"
916,"['-73.79252025', '41.18769382']"
917,"['-73.9259', '40.7722']"
918,"['110.22325174', '-7.45374083']"
919,"['-74.457728', '40.882863']"
920,"['-0.77619268', '53.39361882']"
921,"['-5.84', '54.59093333']"
922,"['-71.8', '42.3']"
923,"['-79.3872', '43.648']"
924,"['-118.4843196', '33.9990205']"
925,"['13.041122', '47.799644']"
926,"['-83.34379293', '42.52043433']"
927,"['-1.139475', '51.569851']"
928,"['-97.73549055', '30.26585335']"
929,"['-74.0064', '40.7142']"
930,"['-118.2445', '34.0564']"
931,"['-75.1397607', '39.9479868']"
932,"['-82.40637', '34.85026']"
933,"['-1.139475', '51.569851']"
934,"['-73.98353', '40.6783']"
935,"['-114.141', '35.2528']"
936,"['-73.96555556', '40.76916667']"
937,"['-4.33680764', '55.87312538']"
938,"['-73.56725453', '45.75975883']"
939,"['-73.9427655', '40.7772534']"
940,"['-73.56726563', '45.63697547']"
941,"['35.4993', '33.8892']"
942,"['-82.08144', '33.50887']"
943,"['-74.0064', '40.7142']"
944,"['5.08221', '52.02729']"
945,"['106.8335573', '-6.21409133']"
946,"['-3.65063667', '51.10706536']"
947,"['-75.0667', '39.95776']"
948,"['-75.60048685', '38.36624839']"
949,"['-73.92094955', '40.78024897']"
950,"['-105.10785032', '39.6680603']"
951,"['-76.8', '17.9833']"
952,"['-79.65', '43.6']"
953,"['7.43333', '6.41667']"
954,"['-75.06532142', '40.18018018']"
955,"['-78.8494', '42.9047']"
956,"['-1.139475', '51.569851']"
957,"['-121.9012728', '37.406992']"
958,"['-98.9824', '31.7079']"
959,"['126.977', '37.5689']"
960,"['-118.384', '34.0847']"
961,"['0.10186', '51.37879']"
962,"['-84.7756403', '37.6463832']"
963,"['-1.13947', '51.569853']"
964,"['-0.1094', '51.5141']"
965,"['-2.40047', '53.52159']"
966,"['-74.0064', '40.7142']"
967,"['101.7109', '3.1581']"
968,"['-118.2445', '34.0564']"
969,"['-77.3423', '38.6483']"
970,"['-118.36366846', '33.97364878']"
971,"['-4.2171876', '53.28991014']"
972,"['-84.1425', '33.8909']"
973,"['75.81797721', '23.17926279']"
974,"['-82.59855', '35.65057']"
975,"['25.63174', '-25.85675']"
976,"['73.22338907', '19.18312736']"
977,"['-90.06914735', '29.97901669']"
978,"['-83.53186809', '33.8422184']"
979,"['-0.13608912', '51.50413561']"
980,"['-118.378', '34.1722']"
981,"['-87.40583333', '39.66']"
982,"['175.31666667', '-41.11666667']"
983,"['-87.632496', '41.883222']"
984,"['-71.07', '42.36318056']"
985,"['-77.46190421', '37.42667405']"
986,"['-122.390304', '37.615792']"
987,"['-118.2445', '34.0564']"
988,"['-73.4949', '41.1468']"
989,"['-95.3694', '29.7602']"
990,"['-1.43801602', '52.4215926']"
991,"['114.01064987', '22.30555088']"
992,"['-4.33680764', '55.87312538']"
993,"['-73.72267204', '42.71201518']"
994,"['-0.1094', '51.5141']"
995,"['-98.5', '29.4167']"
996,"['-80.1936', '25.7751']"
997,"['-122.22044616', '47.85169553']"
998,"['-73.56726563', '45.63697547']"
999,"['-74.0007613', '40.7207559']"
1000,"['-73.97152521', '40.75550695']"
1001,"['-77.04722222', '38.80472222']"
1002,"['-82.7531304', '28.0615819']"
1003,"['36.7059', '-1.3281']"
1004,"['-157.93041466', '21.37240745']"
1005,"['-73.68255615', '40.76390128']"
1006,"['116.43310547', '40.15158756']"
1007,"['76.2619', '9.9328']"
1008,"['7.443534', '10.516765']"
1009,"['3.31043024', '6.50734026']"
1010,"['-74.6531', '40.48254']"
1011,"['-81.34', '32.37']"
1012,"['-97.20515236', '32.83979413']"
1013,"['-84.5184', '33.8719']"
1014,"['-73.94004722', '40.79795556']"
1015,"['0.41573', '52.75731']"
1016,"['-73.84350331', '40.74593584']"
1017,"['-86.808583', '33.507123']"
1018,"['78.1131', '9.9251']"
1019,"['-86.877488', '12.435188']"
1020,"['-80.1418', '26.1358']"
1021,"['2.3665256', '48.84146416']"
1022,"['-73.8309', '40.7']"
1023,"['-74.0064', '40.7142']"
1024,"['-74.0007613', '40.7207559']"
1025,"['-75.1062', '39.9372']"
1026,"['-79.7283', '43.6286']"
1027,"['-85.9182', '41.6347']"
1028,"['123.88331297', '10.3150711']"
1029,"['-73.56725453', '45.75975883']"
1030,"['-82.98163', '39.9617999']"
1031,"['151.21416016', '-33.81345207']"
1032,"['-84.03', '33.96']"
1033,"['-80.3569664', '43.401216']"
1034,"['-2.9794', '53.4078']"
1035,"['-4.33680764', '55.87312538']"
1036,"['-117.5870049', '33.6514104']"
1037,"['-79.7164011', '43.7742911']"
1038,"['-104.9042', '39.5805']"
1039,"['-0.216667', '51.4333']"
1040,"['-118.225', '33.89666667']"
1041,"['-80.44537', '25.08986']"
1042,"['55.25215517', '25.13971302']"
1043,"['-122.67522', '45.55133']"
1044,"['-115.149', '36.1675']"
1045,"['3.39583', '6.45306']"
1046,"['-87.3949955', '37.9747099']"
1047,"['-72.9253', '41.3089']"
1048,"['-99.1332', '19.4326']"
1049,"['-2.9794', '53.4078']"
1050,"['-80.28091469', '25.97734614']"
1051,"['-73.98298', '40.75319']"
1052,"['-75.35896394', '40.12923704']"
1053,"['-122.33872', '47.603017']"
1054,"['116.43310547', '40.15158756']"
1055,"['3.39583', '6.45306']"
1056,"['-81.4285', '28.3571']"
1057,"['0.24142027', '52.02573834']"
1058,"['-115.17324484', '36.10338949']"
1059,"['-77.51326561', '38.29148603']"
1060,"['-119.66197543', '34.44909815']"
1061,"['-98.22783', '26.21441']"
1062,"['0.81552029', '51.6301173']"
1063,"['-79.5463', '43.8282']"
1064,"['-1.90332', '52.4812']"
1065,"['-91.525', '41.6558']"
1066,"['-73.56726563', '45.63697547']"
1067,"['-71.464', '42.7579']"
1068,"['-73.56725453', '45.75975883']"
1069,"['-117.51755864', '33.88763969']"
1070,"['-87.4804', '41.5957']"
1071,"['-95.7129', '37.0902']"
1072,"['-114.23471197', '44.5050876']"
1073,"['-58.1600723', '6.81800595']"
1074,"['-2.25012202', '53.47799634']"
1075,"['-87.4804', '41.5957']"
1076,"['-6.92611', '52.8408']"
1077,"['-73.95240948', '40.79129001']"
1078,"['0.00027671', '-0.00018719']"
1079,"['-1.139471', '51.569848']"
1080,"['4.9001', '52.3777']"
1081,"['-3.21827903', '51.51210103']"
1082,"['-73.56725453', '45.75975883']"
1083,"['-2.18091488', '53.00778835']"
1084,"['-118.242349', '34.053345']"
1085,"['-118.2445', '34.0564']"
1086,"['-3.436', '55.3781']"
1087,"['7.4833', '9.0667']"
1088,"['7.4833', '9.0667']"
1089,"['-96.7977', '32.7774']"
1090,"['3.85698438', '7.36300952']"
1091,"['-87.4804', '41.5957']"
1092,"['-97.92818', '29.88609']"
1093,"['3.39583', '6.45306']"
1094,"['-95.7129', '37.0902']"
1095,"['-1.139476', '51.569852']"
1096,"['-6.92611', '52.8408']"
1097,"['-86.09306662', '39.85223389']"
1098,"['-114.1096', '51.79617']"
1099,"['-73.56725453', '45.75975883']"
1100,"['-117.566', '33.8753']"
1101,"['-77.0367', '38.8951']"
1102,"['0.69072733', '51.54439656']"
1103,"['115.859', '-31.9522']"
1104,"['-87.4804', '41.5957']"
1105,"['-81.3792', '35.3812']"
1106,"['-84.42336', '39.25415']"
1107,"['-73.47935661', '45.6677507']"
1108,"['-117.51755864', '33.88763969']"
1109,"['-66.86166644', '10.47232601']"
1110,"['-74.0064', '40.7142']"
1111,"['-90.070864', '29.948479']"
1112,"['-0.10373815', '51.57532205']"
1113,"['-73.56725453', '45.75975883']"
1114,"['-76.34365836', '37.02590638']"
1115,"['-77.0367', '38.8951']"
1116,"['-1.139471', '51.569848']"
1117,"['-118.40033', '34.07347']"
1118,"['-123.3645', '48.4287']"
1119,"['-112.0851656', '33.58261317']"
1120,"['7.4833', '9.0667']"
1121,"['-73.9675', '40.7779']"
1122,"['8.53176897', '11.96909832']"
1123,"['-76.6167', '39.2983']"
1124,"['-97.7475', '30.2677']"
1125,"['-2.73181', '53.34161']"
1126,"['-113.5989413', '53.5631449']"
1127,"['-94.190813', '30.3282512']"
1128,"['-3.436', '55.3781']"
1129,"['-114.23471197', '44.5050876']"
1130,"['-79.4855966', '45.81660826']"
1131,"['-84.3889', '33.7566']"
1132,"['-117.5655', '33.8752']"
1133,"['-74.2284', '40.8798']"
1134,"['-95.7129', '37.0902']"
1135,"['-118.24874042', '34.03742524']"
1136,"['-81.77945934', '41.49340058']"
1137,"['-72.7', '41.6']"
1138,"['-63.3044992', '45.367296']"
1139,"['-73.98626111', '40.75658889']"
1140,"['-75.15524469', '39.96642376']"
1141,"['-74.1922469', '40.80517445']"
1142,"['120.2418728', '14.91243721']"
1143,"['-73.96555556', '40.76916667']"
1144,"['-74.0064', '40.7142']"
1145,"['7.4833', '9.0667']"
1146,"['-73.97224443', '40.75625313']"
1147,"['136', '35']"
1148,"['-83.535099', '41.653263']"
1149,"['-79.7164011', '43.7742911']"
1150,"['-117.13716', '32.7689']"
1151,"['-111.883', '40.75']"
1152,"['-81.3775', '28.5421']"
1153,"['-87.4804', '41.5957']"
1154,"['-74.01288613', '40.7202128']"
1155,"['-87.4804', '41.5957']"
1156,"['-97.73549055', '30.26585335']"
1157,"['-87.62851417', '41.86825055']"
1158,"['-86.38027778', '43.37722222']"
1159,"['5.68333', '50.85']"
1160,"['-98.23507443', '19.05971619']"
1161,"['-66.85024596', '10.29323873']"
1162,"['-74.00812', '40.71665']"
1163,"['174.7657', '-36.8473']"
1164,"['-73.98874654', '40.729123']"
1165,"['-86.1582', '39.7692']"
1166,"['-87.88862847', '42.98004774']"
1167,"['-76.98428487', '38.89510675']"
1168,"['-120.663', '35.2743']"
1169,"['-95.51745626', '29.74060152']"
1170,"['-122.24761342', '38.12628408']"
1171,"['-97.73549055', '30.26585335']"
1172,"['-122.603', '45.6337']"
1173,"['-66.91487202', '10.50502625']"
1174,"['-117.8533', '33.7877']"
1175,"['-80.1001', '26.3687']"
1176,"['-79.332039', '43.661927']"
1177,"['-87.632496', '41.883222']"
1178,"['-73.8669', '40.85']"
1179,"['-118.2445', '34.0564']"
1180,"['-73.98622067', '40.73100042']"
1181,"['-117.750158', '34.057766']"
1182,"['-82.4558', '27.9473']"
1183,"['112.01777', '-7.8252']"
1184,"['-71.76604143', '42.28712108']"
1185,"['-104.98360001', '39.7391']"
1186,"['-118.44076154', '34.15760308']"
1187,"['-122.38013922', '47.57623223']"
1188,"['3.39583', '6.45306']"
1189,"['-73.99990508', '40.76451093']"
1190,"['-73.9259', '40.7722']"
1191,"['-111.07427917', '45.67070719']"
1192,"['-70.74084647', '42.13092282']"
1193,"['-80.1936', '25.7751']"
1194,"['32.5282', '15.6034']"
1195,"['-98.41541157', '29.46049624']"
1196,"['-82.5122', '40.0675']"
1197,"['-73.7025', '40.7016']"
1198,"['-80.49651614', '43.45494464']"
1199,"['-73.84350331', '40.74593584']"
1200,"['-73.7622', '41.0307']"
1201,"['-104.9172795', '39.7055371']"
1202,"['-73.8603', '40.7472']"
1203,"['143.733', '-6.33333']"
1204,"['-78.9072', '35.9886']"
1205,"['-87.4804', '41.5957']"
1206,"['115.16736031', '-8.6773787']"
1207,"['-97.96527778', '29.57444444']"
1208,"['-118.2445', '34.0564']"
1209,"['-76.8', '17.9833']"
1210,"['-74.835327', '40.173824']"
1211,"['-84.34797619', '39.07445544']"
1212,"['7.4560047', '9.0528594']"
1213,"['-95.3694', '29.7602']"
1214,"['-111.883', '40.75']"
1215,"['-73.8603', '40.7472']"
1216,"['12', '43']"
1217,"['0.1195', '51.5033']"
1218,"['121.03634781', '14.63927286']"
1219,"['151.21368', '-33.88801']"
1220,"['-84.34797619', '39.07445544']"
1221,"['-115.14282', '36.09957']"
1222,"['-73.8603', '40.7472']"
1223,"['-82.4558', '27.9473']"
1224,"['-73.56726563', '45.63697547']"
1225,"['-117.566', '33.8753']"
1226,"['115.16736031', '-8.6773787']"
1227,"['-97.06770325', '33.03340149']"
1228,"['-104.9147983', '39.7038374']"
1229,"['106.7313615', '-6.14251999']"
1230,"['79.02565', '28.7782']"
1231,"['-80.1001', '26.3687']"
1232,"['115.16736031', '-8.6773787']"
1233,"['-79.0556', '35.913']"
1234,"['-111.07427917', '45.67070719']"
1235,"['-74.0064', '40.7142']"
1236,"['-96.62249756', '32.92520142']"
1237,"['126.98244019', '37.54274326']"
1238,"['119.9', '-8.48333']"
1239,"['-77.71501549', '39.13645664']"
1240,"['-81.63166667', '28.13333333']"
1241,"['-0.13608912', '51.50413561']"
1242,"['144.96452', '-37.8139']"
1243,"['-97.06770325', '33.03340149']"
1244,"['151.20797', '-33.86751']"
1245,"['-84.61527778', '34.02333333']"
1246,"['-123.3645', '48.4287']"
1247,"['-111.66069858', '35.17933794']"
1248,"['-73.8603', '40.7472']"
1249,"['-81.3792', '35.3812']"
1250,"['-118.2675', '34.09444444']"
1251,"['-73.8603', '40.7472']"
1252,"['-118.2445', '34.0564']"
1253,"['174.77688', '-36.87073']"
1254,"['-123.1366', '49.1627']"
1255,"['-73.7623479', '40.6977308']"
1256,"['-91.19025217', '30.52248314']"
1257,"['-73.56725453', '45.75975883']"
1258,"['-97.18191295', '49.8543607']"
1259,"['-73.56725453', '45.75975883']"
1260,"['-120.663', '35.2743']"
1261,"['-73.47935661', '45.6677507']"
1262,"['-73.56726563', '45.63697547']"
1263,"['-117.2924204', '34.12438986']"
1264,"['-122.39719', '37.76266']"
1265,"['121.5', '31.2']"
1266,"['-73.56725453', '45.75975883']"
1267,"['-79.38512824', '43.6408863']"
1268,"['-118.2445', '34.0564']"
1269,"['-90.04', '29.9628']"
1270,"['77.19102783', '28.5974128']"
1271,"['-74.0064', '40.7142']"
1272,"['-77.27126', '38.86817']"
1273,"['-96.84870148', '33.15380096']"
1274,"['-74.0064', '40.7142']"
1275,"['-73.9259', '40.7722']"
1276,"['124.95827323', '11.28833681']"
1277,"['-1.86980441', '50.74433653']"
1278,"['-81.32806152', '48.47593351']"
1279,"['-117.86996', '33.59552']"
1280,"['-73.972216', '40.77274259']"
1281,"['-119.0337837', '35.3378751']"
1282,"['-75.1651', '39.9527']"
1283,"['-92.1042748', '32.50096055']"
1284,"['-118.2445', '34.0564']"
1285,"['77.21468578', '28.55898833']"
1286,"['-122.3253567', '47.6042393']"
1287,"['-79.7164011', '43.7742911']"
1288,"['-79.4094556', '43.67815']"
1289,"['100.4557156', '5.3635456']"
1290,"['151.20797', '-33.86751']"
1291,"['-114.36666667', '43.66666667']"
1292,"['-75.1651', '39.9527']"
1293,"['91.8262096', '22.3478191']"
1294,"['-118.49227', '34.01158']"
1295,"['-122.747', '48.9322']"
1296,"['144.9502', '-37.7096']"
1297,"['-73.56725453', '45.75975883']"
1298,"['-96.7847', '46.8789']"
1299,"['-75.59468317', '6.18968463']"
1300,"['-85.58', '44.34']"
1301,"['-79.9372', '32.7872']"
1302,"['-78.3195', '44.30592']"
1303,"['-77.6204', '43.1557']"
1304,"['-96.80138889', '36.33638889']"
1305,"['115.16736031', '-8.6773787']"
1306,"['151.20797', '-33.86751']"
1307,"['-85.30584', '35.03573']"
1308,"['-122.45955', '37.67771']"
1309,"['-58.51909261', '-34.85204083']"
1310,"['-96.74520111', '32.9632988']"
1311,"['-96.7977', '32.7774']"
1312,"['85.310244', '27.713776']"
1313,"['-73.751636', '40.707443']"
1314,"['176.91916102', '-39.49067712']"
1315,"['8.8833', '9.9333']"
1316,"['-120.08082658', '36.97652892']"
1317,"['-84.3889', '33.7566']"
1318,"['100.65507813', '13.86200131']"
1319,"['-74.0064', '40.7142']"
1320,"['-79.3872', '43.648']"
1321,"['151.20797', '-33.86751']"
1322,"['151.20797', '-33.86751']"
1323,"['-154.9495404', '19.5686312']"
1324,"['-84.3889', '33.7566']"
1325,"['7.42936372', '8.96389499']"
1326,"['72.8764', '19.0627']"
1327,"['-87.65526472', '41.72657052']"
1328,"['-117.9895294', '33.6593209']"
1329,"['-73.9051', '40.8787']"
1330,"['-118.2293731', '34.18872781']"
1331,"['116.52099609', '40.01709786']"
1332,"['-118.39561', '34.14453']"
1333,"['-84.5', '39.13333333']"
1334,"['3.39583', '6.45306']"
1335,"['-118.1164613', '34.5794343']"
1336,"['-118.47399873', '46.04728282']"
1337,"['46.71', '24.6769']"
1338,"['7.42936372', '8.96389499']"
1339,"['-73.56725453', '45.75975883']"
1340,"['-93.6914', '32.5177']"
1341,"['-76.614', '39.2944']"
1342,"['26.9809743', '37.7526043']"
1343,"['-71.4221', '41.8236']"
1344,"['-0.0810585', '51.5167977']"
1345,"['-80.0667604', '37.279378']"
1346,"['-90.1978', '38.6272']"
1347,"['-78.3195', '44.30592']"
1348,"['24', '-29']"
1349,"['151.20797', '-33.86751']"
1350,"['121.03634781', '14.63927286']"
1351,"['-83.9179', '35.9642']"
1352,"['-118.63575', '34.03653']"
1353,"['39.23486148', '21.49667261']"
1354,"['-73.56726563', '45.63697547']"
1355,"['7.42936372', '8.96389499']"
1356,"['-80.6495', '41.1001']"
1357,"['72.85824856', '19.28080909']"
1358,"['-72.87785036', '40.75258205']"
1359,"['103.8601612', '13.3592704']"
1360,"['35.016', '-15.788']"
1361,"['-95.35900225', '29.74660701']"
1362,"['120.9181056', '13.8385274']"
1363,"['-74.1545', '40.8679']"
1364,"['-71.3833', '41.5167']"
1365,"['-93.62040577', '41.58521648']"
