,coordinates,label
0,"-73.47935661,45.6677507","-0.4866666666666666
"
1,"-0.13608912,51.50413561","0.031818181818181815
"
2,"-0.33986,51.54927","0.01785714285714286
"
3,"-117.228,33.9431","0.2
"
4,"151.20797,-33.86751","-0.15357142857142858
"
5,"-2.18091488,53.00778835","0
"
6,"80.3269,26.4421","0
"
7,"-122.419,37.7793","-0.21666666666666667
"
8,"-85,50","-0.05
"
9,"-3.37723541,51.49539123","0
"
10,"0.52550292,51.6028586","0
"
11,"3.39583,6.45306","0.15151515151515152
"
12,"12.5561399,55.672","-0.12732426303854877
"
13,"-73.56726563,45.63697547","0.03333333333333335
"
14,"-0.77620348,53.39360565","-0.125
"
15,"124.831944,1.4593804","0
"
16,"-97.73549055,30.26585335","0.128125
"
17,"-121.4947,38.577","0.4000000000000001
"
18,"-73.78297163,40.7127028","0
"
19,"9.00847,50.06552","0.32
"
20,"-82.6794,27.7706","-0.012499999999999997
"
21,"-105.28117444,40.02597423","0
"
22,"77.59295833,12.03075833","0
"
23,"11.25,43.7833","0
"
24,"81,7","0.5416666666666666
"
25,"35.89897363,-6.39046719","0.4
"
26,"-1.28948809,52.88314014","0
"
27,"-79.7164011,43.7742911","0
"
28,"36.8219462,-1.2920659","0
"
29,"3.41778,6.44213","0.8
"
30,"8.57,53.55","0
"
31,"-0.13608912,51.50413561","-0.3
"
32,"28.06045532,-26.21659308","0
"
33,"33.7767,-13.9503","0.6148148148148148
"
34,"-118.2445,34.0564","-0.09999999999999999
"
35,"36.8167,-1.28333","0.8
"
36,"-117.297,33.122","-0.10761904761904764
"
37,"77.17969764,28.52158929","0.3181818181818182
"
38,"11.10659,59.28324","0.01022727272727271
"
39,"-115.26506647,36.16945545","-0.275
"
40,"-0.1094,51.5141","0
"
41,"-0.77618598,53.39361775","-0.125
"
42,"145.01208,-37.84792","0.3333333333333333
"
43,"-79.3872,43.648","0.125
"
44,"-73.71581,40.85683","0.31397306397306396
"
45,"-84.3889,33.7566","0.13636363636363635
"
46,"-79.2667,43.8667","0.6166666666666667
"
47,"-118.35283756,33.79715913","0.1
"
48,"104.16412354,2.82864513","0
"
49,"-73.56726563,45.63697547","0.14166666666666666
"
50,"122.1572,-0.9416","0
"
51,"-0.77619829,53.39363133","0
"
52,"77,21","-0.8
"
53,"-73.56725453,45.75975883","0
"
54,"-6.28034668,53.36853317","0.5
"
55,"72.8764,19.0627","0.4340909090909091
"
56,"-73.91345039,40.75756261","-0.6
"
57,"18.4667,-34.0167","0
"
58,"6.76290035,51.2795282","-0.125
"
59,"-90.6769,35.83235","0.28750000000000003
"
60,"121.0443,14.5789","0.8
"
61,"72.83,21.17","0.11363636363636363
"
62,"77.3208,28.3922","0.16666666666666666
"
63,"153.028,-27.4678","-0.05
"
64,"-0.1094,51.5141","0
"
65,"-118.2445,34.0564","-0.07142857142857142
"
66,"21.008333,52.232222","0.13636363636363635
"
67,"2.3422747,48.8475897","0
"
68,"3.4172222,6.43685","0.3472222222222222
"
69,"-121.4947,38.577","0.4000000000000001
"
70,"-81.83273956,38.03078171","0.75
"
71,"-0.1099,51.3727","0.13636363636363635
"
72,"-122.49590779,37.74711729","0.5
"
73,"145.68976784,-16.83843449","0.17321428571428574
"
74,"-106.489,31.7658","-0.5428571428571428
"
75,"77.31974,28.58052","-0.0625
"
76,"5.6226,6.3324","0
"
77,"-157.82513447,21.27905124","0
"
78,"101.64736,3.16528","0.03333333333333333
"
79,"73.2,22.3","0.13636363636363635
"
80,"120.40897785,15.64799889","0.35
"
81,"-122.0791,37.3935","0
"
82,"3.3696059,6.6127409","0.525
"
83,"-87.632496,41.883222","-0.6
"
84,"-122.675,45.5236111","0
"
85,"72.8764,19.0627","0.2857142857142857
"
86,"-122.38769,37.75026","0
"
87,"-122.19774221,37.728013","0.5499999999999999
"
88,"139.69153906,35.7021841","-0.2
"
89,"100.494,13.7522","0.17
"
90,"106.89447176,-6.11613985","0
"
91,"28.06045532,-26.21659308","0.2916666666666667
"
92,"-73.91078056,40.66065278","0
"
93,"125.62217915,7.07231181","0
"
94,"78.401,17.4904","0
"
95,"-78.7834,35.7872","0
"
96,"78.5005327,17.57305505","0
"
97,"7.38030249,9.11041164","0
"
98,"3.51962,6.66163966","-0.025
"
99,"-0.7761912,53.39362057","0.1375
"
100,"77.597645,12.971117","0.5
"
101,"75.8167,26.9167","-0.01944444444444446
"
102,"72.8764,19.0627","0
"
103,"3.39583,6.45306","0.3333333333333333
"
104,"3.353925,6.60424676","0.14727272727272728
"
105,"116.8478,-1.2468","0
"
106,"-2.8810099,53.2019857","0.16
"
107,"-0.3412546,51.5040109","-0.09375
"
108,"-1.29032094,52.97921536","0.2111111111111111
"
109,"-118.50113056,34.20113889","0
"
110,"-73.56726563,45.63697547","0.16875
"
111,"101.94479343,2.70920024","0.25
"
112,"-120.62504543,35.1377928","0.5
"
113,"-2.153,52.267","0.17777777777777778
"
114,"-8.47,51.8972","0.18333333333333335
"
115,"-80.28091469,25.97734614","-0.018518518518518528
"
116,"15.466667,45.25","0.9
"
117,"-4.69379654,50.6830695","0.45
"
118,"-0.77614657,53.39362533","0.1375
"
119,"30.9902,-29.8717","0.1
"
120,"-3.70748341,40.41865035","0.07999999999999999
"
121,"-96.13810658,19.13517436","0
"
122,"-73.56726563,45.63697547","-0.125
"
123,"32.0996,-28.7827","0.6
"
124,"2.3492,48.8573","0
"
125,"-1.89943716,52.48416375","0
"
126,"103.84694595,1.27929057","0.39999999999999997
"
127,"-0.1094,51.5141","0.675
"
128,"-95.3891094,29.7144691","0.5
"
129,"-73.56725453,45.75975883","0.1787878787878788
"
130,"-0.07939436,51.47496745","0
"
131,"-0.13568176,51.49971767","-0.14583333333333331
"
132,"146.39552457,-36.0370281","0.8
"
133,"-0.07939436,51.47496745","0.4136363636363637
"
134,"79.59,17.99","0
"
135,"3.376923,6.481705","0
"
136,"7.1848,51.1814","-0.125
"
137,"3.39583,6.45306","0
"
138,"-73.47935661,45.6677507","-0.44768518518518524
"
139,"103.856,1.29306","0
"
140,"4.45333,51.92972","0.1171875
"
141,"-118.1488,34.1467","0
"
142,"77.219672,28.631747","-0.15
"
143,"174.7657,-36.8473","0.13636363636363635
"
144,"-0.20746,51.56851","0
"
145,"-80.1617,25.92786","0.23863636363636365
"
146,"-0.97835643,51.45134687","0
"
147,"18.38778734,-34.01369848","0
"
148,"-123.3645,48.4287","0
"
149,"-73.47935661,45.6677507","0.021645021645021644
"
150,"0.63964,51.80099","0.2
"
151,"-97.73549055,30.26585335","0
"
152,"-123.12713019,49.24963985","0.005681818181818177
"
153,"9.16986233,45.50477609","0
"
154,"75.8167,26.9167","0.3333333333333333
"
155,"55.2741,25.1994","0.1431818181818182
"
156,"103.856,1.29306","0.35
"
157,"-4.309626,55.852472","0
"
158,"-123.3645,48.4287","-0.15000000000000002
"
159,"-81.3221,28.7572","0
"
160,"106.8319407,-6.12831341","0.5
"
161,"-0.00198492,-0.00852319","0
"
162,"-0.07863252,51.50503489","0.5
"
163,"-73.47935661,45.6677507","-0.25
"
164,"101.7109,3.1581","0.25
"
165,"3.39583,6.45306","-0.125
"
166,"-71.5,41.7","0
"
167,"75.73236465,29.12965255","0
"
168,"-0.13355317,51.49594393","0.43750000000000006
"
169,"75.8167,26.9167","0
"
170,"-0.14367274,51.55141874","-0.14583333333333331
"
171,"151.2222147,-33.85945782","0.85
"
172,"3.31273779,6.46354851","0
"
173,"-0.2248,51.5308","0.2090909090909091
"
174,"-92.03909,30.22874","0.10250000000000001
"
175,"-118.1488,34.1467","0
"
176,"2.17393041,41.38359494","0.2
"
177,"0.81552029,51.6301173","0
"
178,"-0.13608912,51.50413561","-0.14583333333333331
"
179,"144.85776,-37.73341","0.1
"
180,"-118.50113056,34.20113889","0.25
"
181,"55.2741,25.1994","1
"
182,"-122.41478744,37.74107121","0
"
183,"133.68232727,-32.12074612","0.2
"
184,"8,9","0.2066666666666667
"
185,"77.597645,12.971117","0
"
186,"-1.22701,51.7473488","0.3111111111111111
"
187,"2.36556752,48.82359481","0.0028409090909090884
"
188,"-117.74975394,34.057913","0.21212121212121213
"
189,"-73.56726563,45.63697547","0.33
"
190,"84.9151306,26.6516991","0.125
"
191,"77.5945627,12.9715987","0.2
"
192,"78.1667,11.65","0.125
"
193,"-123.04986139,49.22826439","0.27999999999999997
"
194,"3.9167,7.3964","0.05000000000000002
"
195,"-74.00784552,40.65373341","0
"
196,"-0.13608912,51.50413561","0.11285714285714285
"
197,"-3.2994352,57.6514268","0.13636363636363635
"
198,"-2.185,52.257","0
"
199,"-1.13333,52.6333","0.185
"
200,"-2.27736664,53.43743662","-0.25
"
201,"114.27789131,22.39471522","-0.2
"
202,"13.401251,52.518391","0
"
203,"11.1,43.8833","-0.125
"
204,"135,-25","-0.34464285714285714
"
205,"78.5698,25.4486","0.5
"
206,"-52.32130856,4.9401287","0
"
207,"-1.5443356,53.7763925","0
"
208,"103.7123,1.3513","0.16
"
209,"-74.0064,40.7142","0.13636363636363635
"
210,"11.1,43.8833","-0.125
"
211,"-4.09719229,50.40954316","0.27777777777777773
"
212,"-1.13333,52.6333","0.125
"
213,"-1.49328634,51.99618921","-0.3625
"
214,"28.04719473,-26.30990865","0.2
"
215,"174.7657,-36.8473","0.33939393939393936
"
216,"-84.09863249,34.03884441","0.29609375
"
217,"3.9167,7.3964","0.05000000000000002
"
218,"28.1869,-25.7533","0.2857142857142857
"
219,"3.9167,7.3964","0.05000000000000002
"
220,"3.9167,7.3964","0.05000000000000002
"
221,"-64,-34","0.08333333333333333
"
222,"16.56953556,59.60588944","-0.5
"
223,"84.9151306,26.6516991","0.07840909090909091
"
224,"3.9167,7.3964","0.02500000000000001
"
225,"84.9151306,26.6516991","0.16
"
226,"172.64557743,-43.54035917","0
"
227,"73.8567,18.5203","0
"
228,"0.4693,51.7359","-0.23863636363636365
"
229,"4.8089166,52.48034239","0.16666666666666666
"
230,"49.59154649,53.51627774","1
"
231,"3.9167,7.3964","0.05000000000000002
"
232,"-2.58333,51.45","0.3181818181818182
"
233,"11.1,43.8833","0.04464285714285714
"
234,"72.8419507,19.0464643","-0.1125
"
235,"3.9167,7.3964","0.05000000000000002
"
236,"3.9167,7.3964","0.05000000000000002
"
237,"3.39583,6.45306","-0.275
"
238,"4.84969,52.50772","0.17857142857142858
"
239,"3.9167,7.3964","0.05000000000000002
"
240,"55.2741,25.1994","0.25
"
241,"12.64418,41.74178","0.13636363636363635
"
242,"-73.56726563,45.63697547","0
"
243,"-118.2445,34.0564","0.13636363636363635
"
244,"-0.21342409,51.29511849","0.08333333333333333
"
245,"150.78706,-34.20191","-0.06
"
246,"-73.56725453,45.75975883","0.2333333333333333
"
247,"16.3731,48.2083","-0.1
"
248,"3.9167,7.3964","0.05000000000000002
"
249,"3.9167,7.3964","0.05000000000000002
"
250,"0.4693,51.7359","0.05
"
251,"-121.5705372,37.00748787","0
"
252,"-0.1094,51.5141","0
"
253,"3.39583,6.45306","-0.275
"
254,"144.9661,-37.8156","0
"
255,"3.9167,7.3964","0.05000000000000002
"
256,"34.15,0.43333333","0.2
"
257,"28.1869,-25.7533","0
"
258,"-77.4371,37.5373","0
"
259,"3.08829346,6.66109353","0.2875
"
260,"-73.47935661,45.6677507","-1
"
261,"3.9167,7.3964","0.05000000000000002
"
262,"-2.37082691,53.56086232","-0.1875
"
263,"-0.77619451,53.39361029","0
"
264,"72.83,21.17","0
"
265,"101.6928451,3.0707418","0.25
"
266,"-1.8987,52.4806","0
"
267,"-115.18349,36.08803","1
"
268,"3.9167,7.3964","0.05000000000000002
"
269,"118.76811385,32.05335255","0
"
270,"103.7123,1.3513","0.16
"
271,"-96.7977,32.7774","0
"
272,"-0.1094,51.5141","-0.25
"
273,"151.20797,-33.86751","-0.2625
"
274,"7.4833,9.0667","0.36250000000000004
"
275,"3.9167,7.3964","0.05000000000000002
"
276,"3.9167,7.3964","0.05000000000000002
"
277,"3.9167,7.3964","0.05000000000000002
"
278,"3.9167,7.3964","0.05000000000000002
"
279,"3.9167,7.3964","0.05000000000000002
"
280,"3.39583,6.45306","0
"
281,"-0.13608912,51.50413561","-0.5
"
282,"-2.22788,53.32679","0.31249999999999994
"
283,"5.26970307,51.22695861","0.12222222222222222
"
284,"60.6779,56.84013","0.10000000000000002
"
285,"-74.1849,40.7352","0.13636363636363635
"
286,"3.9167,7.3964","0.05000000000000002
"
287,"3.9167,7.3964","0.05000000000000002
"
288,"-6.2591,53.3476","0
"
289,"-0.0972655,51.525004","0
"
290,"7.4833,9.0667","0
"
291,"-77.50268722,38.23106626","0
"
292,"-81.29738163,28.65283203","-0.25
"
293,"-73.56725453,45.75975883","0
"
294,"0.11732971,52.20449637","-0.016666666666666673
"
295,"-74.0064,40.7142","0.28125
"
296,"-0.4305789,51.57275627","-0.3888888888888889
"
297,"-74.0007613,40.7207559","0.05
"
298,"-0.15298284,51.56119957","0.6849999999999999
"
299,"7.4833,9.0667","0.037500000000000006
"
300,"-73.8516994,42.6145104","0
"
301,"-0.1094,51.5141","-0.125
"
302,"-73.56725453,45.75975883","0.25
"
303,"7.0642,4.8164","0
"
304,"14.48831076,35.90114914","0.05000000000000003
"
305,"3.39256333,6.52982165","0.43333333333333335
"
306,"13.1605,-8.9394","0.25
"
307,"-87.6461792,41.90023277","0.08333333333333333
"
308,"-77.35160753,38.8650759","0.33888888888888885
"
309,"85.32024264,27.70301223","0
"
310,"15.45,41.7833","0.125
"
311,"-4.96263989,36.49729342","-0.1
"
312,"0.55324,51.87776","0.6416666666666667
"
313,"85.35074472,27.70528247","0
"
314,"2.3492,48.8573","0
"
315,"0.37338294,50.81937006","0.25
"
316,"0.04968474,51.5447969","-0.03125
"
317,"-0.41182,51.5705","0.5333333333333333
"
318,"-59.62888893,13.13367543","0.75
"
319,"-80.9318507,46.4916824","0.025
"
320,"36.81666667,-1.28333333","0
"
321,"-0.77614997,53.39362303","0
"
322,"3.39583,6.45306","0.25
"
323,"21.008333,52.232222","0
"
324,"-80.28091469,25.97734614","0.5
"
325,"-82.5122,40.0675","0
"
326,"-0.1155349,53.8319973","0
"
327,"-73.56725453,45.75975883","0
"
328,"3.39583,6.45306","0.32857142857142857
"
329,"-73.56726563,45.63697547","0.16666666666666666
"
330,"-0.97835544,51.45134762","0
"
331,"-76.9434,-12.221","0
"
332,"-80.109346,26.1609172","0.5625000000000001
"
333,"112.743,-7.2647","0.35
"
334,"100.53376524,13.74472161","0
"
335,"-74.0064,40.7142","0.2
"
336,"-73.8516994,42.6145104","0
"
337,"-73.994508,40.763186","0
"
338,"152.35228,-24.86792","0.0088095238095238
"
339,"-74.0064,40.7142","0.13636363636363635
"
340,"-75.1651,39.9527","0.5
"
341,"12,43","0.09444444444444444
"
342,"78.33496923,17.51029703","-0.06666666666666664
"
343,"-79.3872,43.648","0.03333333333333333
"
344,"151.20724931,-33.88894011","0
"
345,"-73.56726563,45.63697547","0.016666666666666663
"
346,"-70.1004,41.2815","0.5
"
347,"5.3,6.8","-0.033333333333333326
"
348,"-1.6159,53.7876","0.16884920634920633
"
349,"-1.774445,51.560602","-0.025
"
350,"-77.45926676,37.59054879","0.39
"
351,"-97.21893343,34.72174589","-0.2318181818181818
"
352,"-1.15946732,50.65433016","-0.125
"
353,"7.5103,6.4527","0.4666666666666667
"
354,"-1.315,34.8782","0.5
"
355,"-74.30082,40.99829","0
"
356,"114.19142917,22.28607268","0
"
357,"-36.02622916,56.27888808","0
"
358,"-80.28091469,25.97734614","0.5166666666666666
"
359,"-73.56726563,45.63697547","0.07222222222222223
"
360,"101.7109,3.1581","0
"
361,"-2.36132,51.38503","0.4375
"
362,"13.542336,-12.4291095","0
"
363,"151.20615,-33.87172","0.5
"
364,"138.517,-35.0167","0.25
"
365,"-6.2591,53.3476","0
"
366,"-73.47935661,45.6677507","0.5
"
367,"-79.38512824,43.6408863","0
"
368,"-0.1094,51.5141","0.35333333333333333
"
369,"7.4833,9.0667","0.08333333333333333
"
370,"-77.5820908,35.262204","0
"
371,"121.41127545,14.28008729","0
"
372,"72.83,21.17","0.18181818181818182
"
373,"-80.2802,26.0814","0
"
374,"-112.0777,33.4482","0
"
375,"6.69821555,6.23239923","0.6
"
376,"-73.73022,45.43897","0.35
"
377,"-73.8516994,42.6145104","0.3365740740740741
"
378,"77.27617188,28.53861577","0.1375
"
379,"30.9998,-29.8502","-0.21875
"
380,"3.39583,6.45306","-0.5
"
381,"24.67250997,60.14265708","0
"
382,"-79.7164011,43.7742911","0
"
383,"-1.6167,6.6667","0.17784090909090908
"
384,"31.1667,-26.4","0.24
"
385,"-0.1094,51.5141","0.13636363636363635
"
386,"-6.36137366,32.33418445","0
"
387,"-0.6966161,52.3025682","0.3
"
388,"54.3667,24.4667","0.025
"
389,"77.05416667,28.6","-0.25
"
390,"0.1432236,52.218153","0.25
"
391,"-73.56726563,45.63697547","-0.046666666666666676
"
392,"2.3567407,48.85810108","0
"
393,"77.18976,28.75995","0
"
394,"-94.7891017,29.2957383","0.3333333333333333
"
395,"-76.8907,38.81605","-0.8
"
396,"7.4833,9.0667","0
"
397,"-8.24389,53.41291","0.525
"
398,"-99.12826538,19.47743572","-0.27777777777777773
"
399,"77,21","0
"
400,"77.2089,28.6139","0.13636363636363635
"
401,"-80.3515607,25.7777662","0
"
402,"-121.57834142,37.01910538","0.13636363636363635
"
403,"-80.22482778,25.83180278","0.16666666666666666
"
404,"3.39583,6.45306","0
"
405,"115.4817152,-8.75941794","0.3125
"
406,"-77.44398147,37.56314508","0.20117310803345959
"
407,"-77.51326561,38.29148603","0
"
408,"-81.98349267,28.001631","0.5
"
409,"-75.06532142,40.18018018","0.4166666666666667
"
410,"7.4833,9.0667","0.35833333333333334
"
411,"-74.0064,40.7142","0.13636363636363635
"
412,"18.38893149,-33.91716276","0.235
"
413,"-74.52561356,40.49930348","0.13333333333333333
"
414,"103.84686883,1.28909225","0
"
415,"-73.47935661,45.6677507","-0.4761904761904762
"
416,"-0.1094,51.5141","0
"
417,"120.5887,15.145","0
"
418,"28.0234394,-26.0901508","0
"
419,"-75.9913565,36.8933124","-0.12812500000000002
"
420,"-0.1094,51.5141","0.3
"
421,"-95.26248,29.863","-0.1
"
422,"-0.1792583,51.5191264","-0.1
"
423,"75.8655,22.7253","-0.11538461538461539
"
424,"-2.40047,53.52159","0.34765625
"
425,"-80.13085376,25.78115433","0
"
426,"-99.13547516,19.43757829","-0.10277777777777779
"
427,"-73.47935661,45.6677507","0
"
428,"7.4833,9.0667","0.2333333333333333
"
429,"-95.18046,30.05091","0.13333333333333333
"
430,"24.55718994,46.54563867","0
"
431,"12.56756,55.67567","0.26666666666666666
"
432,"-4.309626,55.852472","-0.16666666666666666
"
433,"-73.8516994,42.6145104","-0.2
"
434,"103.83196347,1.3051324","0
"
435,"3.3556785,6.5828447","-0.04999999999999999
"
436,"-73.47935661,45.6677507","-0.016666666666666666
"
437,"5.3387,60.3765","0.45
"
438,"-0.2,5.55","0.15833333333333333
"
439,"120.9897433,14.6123328","-0.0625
"
440,"-73.95,40.65","0
"
441,"-118.2445,34.0564","0
"
442,"-84.3889,33.7566","0.390625
"
443,"-71.0565,42.3577","0
"
444,"-122.79679,49.02392","0.41250000000000003
"
445,"-80.4833,43.45","-0.2333333333333333
"
446,"-80.1335,25.8138","0.1875
"
447,"-87.632496,41.883222","0
"
448,"-7.08056729,53.44698348","0
"
449,"-1.38333,50.9833","0
"
450,"104.00166667,1.38333333","-0.041666666666666664
"
451,"-79.9975,40.4411","0.16666666666666666
"
452,"-73.8531,40.7493","0.5
"
453,"-79.977498,40.4638992","-0.0625
"
454,"-73.972216,40.77274259","0
"
455,"122.47337982,10.69119532","0.041666666666666664
"
456,"3.88333,51","0
"
457,"-73.28185,41.42005","0.35625
"
458,"-82.1797,41.4679","0
"
459,"77.24889832,28.54119842","-0.03281250000000001
"
460,"151.18504818,-33.89985695","-0.13333333333333333
"
461,"-74.5,40","0.06818181818181818
"
462,"-73.56725453,45.75975883","-0.015909090909090914
"
463,"21.008333,52.232222","0
"
464,"-73.78407219,40.71231714","0.3125
"
465,"-76.79378372,17.96397194","0.2333333333333333
"
466,"-97.1397,49.8873","-0.20625
"
467,"-95.56404977,29.56304729","0
"
468,"-79.34590195,43.70289602","1
"
469,"55.22157171,25.17683057","-0.1
"
470,"3.39583,6.45306","0
"
471,"-84.3889,33.7566","0
"
472,"-84.31398,34.01834","0
"
473,"-0.77617,51.57307","0.21666666666666667
"
474,"-0.2200003,5.6129644","0.0890151515151515
"
475,"-80.3515607,25.7777662","-0.03333333333333333
"
476,"-76.03962428,42.10933757","0
"
477,"-80.1949274,25.857429","0.11363636363636363
"
478,"77.3208,28.3922","-0.05
"
479,"-80.8034,34.9896","0
"
480,"-2.36132,51.38503","0
"
481,"7.4833,9.0667","0.35833333333333334
"
482,"-73.96555556,40.76916667","-0.25
"
483,"-1.34571871,54.23131331","0.2
"
484,"-99.12826538,19.47743572","0.3166666666666667
"
485,"-1.139463,51.569844","-0.033333333333333326
"
486,"-73.56725453,45.75975883","0.06818181818181818
"
487,"-0.12450144,51.50013926","0
"
488,"-73.94111111,40.68333333","0.2
"
489,"-1.51231527,54.18166382","0
"
490,"19.83384416,45.30524952","-0.5
"
491,"-4.2267587,57.477325","-0.20833333333333334
"
492,"-105.479324,44.3016878","0.27999999999999997
"
493,"-123.07571411,49.23587045","0.06875
"
494,"-123.07571411,49.23587045","0.05833333333333335
"
495,"-87.260607,33.186328","0
"
496,"-43.18069722,-22.96703333","0.2
"
497,"-93.53481,43.41928","-0.061607142857142846
"
498,"-0.26862,5.60305","0.13636363636363635
"
499,"77.2045876,28.56010567","0.8
"
500,"-0.77620677,53.39364194","0
"
501,"-72.66085621,41.55127542","0
"
502,"3.46949356,6.44520397","0
"
503,"-60.667,11.25","0.321875
"
504,"13.4525,52.4761","0
"
505,"35.23424579,31.75177588","0.25
"
506,"-73.56725453,45.75975883","-0.125
"
507,"34.45,31.5167","0
"
508,"100.4796,6.9983","0.8
"
509,"-77.22257774,38.91711549","0
"
510,"103.66079,1.30303","0
"
511,"-111.58,40.1332","0
"
512,"-74.0064,40.7142","0
"
513,"-3.16295,55.9692917","-0.125
"
514,"-0.1094,51.5141","0.3444444444444444
"
515,"-81.32806152,48.47593351","0.16666666666666666
"
516,"-4.309626,55.852472","0.24242424242424243
"
517,"-77.056,38.9284","0.37152777777777773
"
518,"-73.56725453,45.75975883","0.13636363636363635
"
519,"-8.46977234,51.92003951","0.25
"
520,"-73.47935661,45.6677507","0.06000000000000001
"
521,"-80.1418,26.1358","0
"
522,"-80.84333333,35.22694444","0
"
523,"-95.14124102,29.54485019","0
"
524,"-74.20369289,40.72239028","0
"
525,"-1.88,50.72","0.06944444444444443
"
526,"-0.0211,51.5836","0.30000000000000004
"
527,"-86.7939987,35.9118385","0.2
"
528,"73.98018,15.27471","0.1875
"
529,"-79.3278,43.6913","0.3
"
530,"-0.198,51.582","0.5
"
531,"-80.8480202,35.22734042","0
"
532,"86.21638889,22.8275","0.8
"
533,"32.5811,0.3136","-0.0625
"
534,"-84.3889,33.7566","0.7
"
535,"-98.44814947,29.58118032","-0.8
"
536,"-77.47,37.55","-0.05
"
537,"-73.7333,45.6","0
"
538,"103.98982511,1.35506915","0.19999999999999998
"
539,"-99.13547516,19.43757829","0.3166666666666667
"
540,"-3.99,51.62","0
"
541,"3.46949356,6.44520397","0
"
542,"-76.9815877,38.9052763","0.25
"
543,"-123.07571411,49.23587045","0.13636363636363635
"
544,"67.00277778,24.8575","-0.375
"
545,"-81.8571,26.6318","0.3125
"
546,"3.606779,6.508084","0.175
"
547,"-1.139479,51.569857","-0.0857142857142857
"
548,"-95.5652928,29.5700201","0.10681818181818184
"
549,"-79.7941,43.3325","-0.0625
"
550,"-90.2467661,38.6362117","0.25
"
551,"73.77267838,18.50779321","0.07222222222222222
"
552,"-97.14432927,49.94444901","0
"
553,"-122.56211626,45.48207946","0
"
554,"18.3513093,-34.1455883","0.5
"
555,"-70.1004,41.2815","0.5
"
556,"-0.1094,51.5141","0.44666666666666666
"
557,"-74.07805556,40.90666667","0.13636363636363635
"
558,"-77.0367,38.8951","-0.0625
"
559,"73.2,22.3","0.09074675324675324
"
560,"-83.465372,33.9216026","0.5
"
561,"-79.38512824,43.6408863","0.02291666666666667
"
562,"-63.5735,44.6462","0.15928030303030302
"
563,"-122.3244,47.3999","-0.08333333333333333
"
564,"-87.632496,41.883222","0.6
"
565,"3.39583,6.45306","0.3333333333333333
"
566,"-76.479,39.4014","0
"
567,"-80.13383099,25.79501226","0
"
568,"14.48412445,40.7481249","0.19181818181818183
"
569,"-82.78294854,28.01303557","0.15000000000000002
"
570,"-0.1094,51.5141","0.5
"
571,"-77.4795,37.57537","0.1
"
572,"-73.96555556,40.76916667","0
"
573,"74.68879755,34.2553473","0
"
574,"-79.39874167,43.64778833","0.11136363636363636
"
575,"-73.94111111,40.68333333","0.2
"
576,"-83.01747,40.09847","0
"
577,"72.83,21.17","0.22727272727272727
"
578,"-0.13608912,51.50413561","-0.3333333333333333
"
579,"-73.98644,40.75839","0
"
580,"-73.95,40.65","0.19318181818181818
"
581,"-93.5069,44.7812","0.125
"
582,"77.225759,28.589821","-0.05
"
583,"-74.0007613,40.7207559","0
"
584,"-73.94170892,40.67106927","0
"
585,"-73.1991,40.7842","0.06818181818181818
"
586,"-74.0007613,40.7207559","0.0028409090909090884
"
587,"-121.4947,38.577","0.24166666666666667
"
588,"84.9151306,26.6516991","0.6
"
589,"-75.96628547,43.04631084","-0.03181818181818183
"
590,"-117.566,33.8753","-0.05
"
591,"-0.61926196,51.98958581","0.041666666666666664
"
592,"-122.419,37.7793","0.15340909090909088
"
593,"-74.0007613,40.7207559","0.45
"
594,"-73.956787,40.672497","0.15000000000000002
"
595,"-73.7622,41.0307","0.06818181818181818
"
596,"7.4833,9.0667","0
"
597,"-118.3333,33.9455","0.5
"
598,"114.158,22.2826","0
"
599,"0.75,51.25","0
"
600,"-70.6973,-33.5977","0
"
601,"-87.9188,43.0373","0.3666666666666667
"
602,"-94.5809,39.1022","0.2
"
603,"-74.0064,40.7142","0.13068181818181818
"
604,"-84.29597233,33.93532941","0
"
605,"151.20797,-33.86751","0.25
"
606,"-73.07957,41.8305999","0
"
607,"-74.0647,40.7114","0.11212121212121212
"
608,"-74.0064,40.7142","0.28409090909090906
"
609,"-73.56725453,45.75975883","0
"
610,"-73.56725453,45.75975883","0
"
611,"-81.65,30.33","0
"
612,"0.24885803,52.02184606","0
"
613,"-49.2705,-25.4339","-0.04166666666666666
"
614,"-81.983301,28.0015992","0.4
"
615,"-87.632496,41.883222","-0.625
"
616,"8.8085,53.0763","0
"
617,"-73.56725453,45.75975883","0.4
"
618,"-121.98388,37.22215","0
"
619,"-122.675,45.5236111","0
"
620,"-72.6666707,41.5436764","-0.0625
"
621,"-99.13547516,19.43757829","0.35
"
622,"-1.63191925,53.84618623","0.4266666666666667
"
623,"-0.316667,51.5","0
"
624,"-97.73549055,30.26585335","0.007272727272727269
"
625,"18.462,-33.7972","0.25
"
626,"-72.5981195,44.15253213","0.04545454545454545
"
627,"-87.61653543,41.8618412","0
"
628,"30.58269,-22.472734","-0.0625
"
629,"4.4255,50.922","-0.1
"
630,"-74.0226,40.7776","0.34545454545454546
"
631,"-122.33374221,47.7321167","0.5
"
632,"-118.472778,34.051667","0
"
633,"116.29766273,39.93033344","0.2777777777777778
"
634,"-112.13867292,35.65369371","0
"
635,"-87.632496,41.883222","0.625
"
636,"12.50347746,41.89702475","0.8
"
637,"-115.149,36.1675","-0.5
"
638,"-87.79099393,41.51165223","-0.19444444444444448
"
639,"-82.5116794,27.9639971","0.4
"
640,"-74.0064,40.7142","0.4
"
641,"-65.85580587,45.49643586","0.35833333333333334
"
642,"-0.1094,51.5141","0
"
643,"-105.259,40.0194","-0.25
"
644,"72.821532,18.950307","0.25
"
645,"-122.04412,37.544284","0.25
"
646,"74.797,34.0839","0.16666666666666669
"
647,"55.29418945,25.24221166","0
"
648,"8.34241,4.974531","0
"
649,"2.78805556,41.97611111","0.14500000000000002
"
650,"77.46649333,34.58881333","0
"
651,"-90.070864,29.948479","0.13636363636363635
"
652,"-122.048684,37.538559","0
"
653,"-74.13160996,44.32713601","0
"
654,"-79.3872,43.648","0.26999999999999996
"
655,"-113.29536,53.542912","0.3
"
656,"-80.82638,35.14764","0.15340909090909088
"
657,"-85.77227767,38.20390703","0.1875
"
658,"-80.1624,25.933","0
"
659,"-8.05705182,37.04417082","-0.10000000000000002
"
660,"-73.56726563,45.63697547","0.1
"
661,"-70.92026395,42.50446004","0.1431818181818182
"
662,"-79.7941,43.3325","0.056249999999999994
"
663,"-122.33371482,47.73212708","-0.2
"
664,"-73.98865,40.75658","0.13636363636363635
"
665,"-122.675,45.5236111","-0.05
"
666,"36.81993,-1.28247","0
"
667,"-75.65,45.4083","0
"
668,"-92.25166667,44.13027778","0.09823232323232324
"
669,"-81.6677928,41.50267981","0
"
670,"-0.1094,51.5141","0.2871212121212121
"
671,"-2.547603,51.189632","0.13333333333333333
"
672,"77.40842807,28.51151896","0
"
673,"-95.36631,29.89718","0
"
674,"-87.4804,41.5957","0
"
675,"-73.56558,41.03231","0.3666666666666667
"
676,"114.1384378,22.28292","0.21428571428571427
"
677,"-0.2,5.55","0.16666666666666666
"
678,"-89.85916752,35.05082278","0.5
"
679,"-80.21639,25.78845","0
"
680,"74.3436,31.5497","-0.125
"
681,"-79.3872,43.648","0.08333333333333333
"
682,"-75.1651,39.9527","0
"
683,"-0.1094,51.5141","0.2130681818181818
"
684,"-73.9375,40.84166667","0.25
"
685,"-73.9675,40.7779","0.13636363636363635
"
686,"-74.45493021,40.64261066","-0.3833333333333333
"
687,"-90.07583007,29.95568169","0
"
688,"4.70898148,50.87555246","0
"
689,"21.008333,52.232222","0
"
690,"-77.24752,38.66104","0
"
691,"-82.9996,39.9624","0.625
"
692,"-74.07,40.96","0
"
693,"0.11909008,52.20534493","0.17023809523809522
"
694,"0.69072733,51.54439656","0.22727272727272727
"
695,"-88.12924,43.06167","0.5416666666666666
"
696,"73.7589799,18.55253","0.2972222222222223
"
697,"-117.8149321,33.68632087","0.3013636363636364
"
698,"-0.1094,51.5141","0.25
"
699,"-84.58513,39.19387","0.13472222222222222
"
700,"-75.3757,40.6262","0.44999999999999996
"
701,"-70.1004,41.2815","0.5
"
702,"85.84,20.27","0
"
703,"-95.992775,36.1539816","-0.25
"
704,"-1.48225307,50.91819778","0
"
705,"3.39583,6.45306","0
"
706,"-111.831562,33.414035","0.09823232323232324
"
707,"-72.15153,41.75173","0.8
"
708,"-81.657,30.3285","0.37222222222222223
"
709,"-87.632496,41.883222","0.2
"
710,"-79.50354109,43.77141027","0.1
"
711,"-81.3775,28.5421","-0.35555555555555557
"
712,"-73.978595,40.72606","0
"
713,"11.25,43.7833","-0.2
"
714,"-114.05481,51.05991","0.25
"
715,"-84.5406,33.9534","0
"
716,"-95.560251,29.779178","-0.25
"
717,"-73.93409927,40.76328995","0
"
718,"-117.3799,33.1917","-0.25
"
719,"9.1897,45.4643","0.35000000000000003
"
720,"-74.0007613,40.7207559","0
"
721,"-77.44,37.55","0.25
"
722,"13.7723,45.6499","0.24305555555555555
"
723,"-0.41068,54.27784","0
"
724,"14.72516,42.04445","0
"
725,"72.52166833,23.03461167","-0.3125
"
726,"-119.714,34.4258","0.016666666666666666
"
727,"-0.2,5.55","0.25
"
728,"-97.7475,30.2677","0.021645021645021644
"
729,"-73.98931228,40.74172907","0.125
"
730,"-78.1667,44.1833","0.4333333333333333
"
731,"116.06692102,5.97121201","0
"
732,"-97.7475,30.2677","0.041666666666666664
"
733,"-0.1094,51.5141","-0.0625
"
734,"-80.19462897,25.80119935","-0.08181818181818182
"
735,"-124.80757,49.23444","0.1865079365079365
"
736,"3.39583,6.45306","0.25
"
737,"-89.0928905,42.27402443","0.08333333333333333
"
738,"11.0833,49.45","0
"
739,"-87.6979,41.92357","-0.018939393939393936
"
740,"3.39583,6.45306","0.055555555555555566
"
741,"-96.8847,33.0908","0.4
"
742,"31.0347169,-29.8469125","0.55
"
743,"85.84,20.27","-0.4
"
744,"-111.81585038,40.75004606","-0.202587890625
"
745,"-84.6370385,42.50823785","0.3375
"
746,"-95.5915499,29.7704601","0.13333333333333333
"
747,"-90.070864,29.948479","0.13636363636363635
"
748,"-2.18091488,53.00778835","0
"
749,"-73.61488789,40.70200274","0.2
"
750,"-4.24308068,57.48716661","0.25
"
751,"-97.3332,32.7574","0.0037878787878787845
"
752,"-74.0064,40.7142","0.014545454545454539
"
753,"-80.22208038,25.75108341","0.48809523809523814
"
754,"-118.2445,34.0564","0
"
755,"-83.6271,32.8376","0
"
756,"-74.0454483,40.60639401","0
"
757,"-80.13076,26.1955","-0.36458333333333337
"
758,"-0.82345963,53.9593831","0
"
759,"-77.11722899,38.90633381","0.033333333333333326
"
760,"-74.0007613,40.7207559","0.5
"
761,"-3.2087,55.9546","0
"
762,"3.39583,6.45306","0.055555555555555566
"
763,"-80.388951,25.568553","0.25
"
764,"-84.3889,33.7566","0.2
"
765,"-81.657,30.3285","0.11481481481481481
"
766,"-0.54092646,52.39173352","0
"
767,"-74.0007613,40.7207559","0.4
"
768,"-71.0565,42.3577","0
"
769,"-118.3136344,34.09073173","0.21666666666666665
"
770,"-79.3872,43.648","0.16818181818181818
"
771,"3.39583,6.45306","0.055555555555555566
"
772,"60.6779,56.84013","-0.024545454545454537
"
773,"-74.00168028,40.78917207","0.28409090909090906
"
774,"-1.15946732,50.65433016","0.8
"
775,"2.41667,39.5833","0.625
"
776,"-112.0777,33.4482","-0.05
"
777,"-75.17996394,39.96502462","-0.25
"
778,"-82.43401,27.71814","0.2309090909090909
"
779,"-73.98609044,40.75282556","0.0909090909090909
"
780,"27.8635755,-32.9911514","0.43333333333333335
"
781,"-84.3889,33.7566","-0.20833333333333334
"
782,"11.25,43.7833","-0.10476190476190474
"
783,"-79.40888,43.64293","0.3625
"
784,"-118.33333333,34.1","-0.08787878787878789
"
785,"-0.13608912,51.50413561","-0.030555555555555565
"
786,"-77.0367,38.8951","0
"
787,"-87.654102,41.94352","0.33999999999999997
"
788,"6.15,46.2","0
"
789,"-76.6121893,39.2903848","-0.1
"
790,"-117.1585,32.7155","0
"
791,"3.9056029,7.4190347","0.5
"
792,"-3.2087,55.9546","0.41111111111111115
"
793,"14.42665,40.66255","0
"
794,"-81.32806152,48.47593351","0.05
"
795,"-123.3645,48.4287","0.55
"
796,"-73.78297163,40.7127028","-0.3499999999999999
"
797,"-84.3889,33.7566","-0.05
"
798,"-80.84333333,35.22694444","-0.25
"
799,"-0.2,5.55","-0.0625
"
800,"-74.0007613,40.7207559","0.13636363636363635
"
801,"-85.585,42.8411","0.07500000000000001
"
802,"10.3667,44.6667","0
"
803,"-3.5336,50.7218","0.10545454545454544
"
804,"-72.7,41.6","-0.128125
"
805,"-73.47935661,45.6677507","0.22142857142857142
"
806,"-0.00214815,-0.00913504","0
"
807,"-75.1006,39.9767","0.31666666666666665
"
808,"-97.76448,30.27432","0.625
"
809,"-73.95,40.65","0.06818181818181818
"
810,"-84.36727953,9.98572332","0
"
811,"-118.2445,34.0564","0.175
"
812,"-77.0367,38.8951","0
"
813,"-73.94837222,40.80903333","0.2
"
814,"-118.24277043,34.05372611","0
"
815,"84.7978,19.3087","0.25
"
816,"-8.42986312,40.20712377","0
"
817,"-73.89097686,40.85337815","0
"
818,"-96.7977,32.7774","0
"
819,"75.8655,22.7253","0.15555555555555556
"
820,"-75.15037349,39.94180059","0.5
"
821,"-81.697535,41.462021","-0.22747395833333334
"
822,"-73.85972,40.87659","0.016666666666666646
"
823,"-88.04769292,30.68484504","1
"
824,"73.20109207,22.2997739","0.5
"
825,"-96.7302371,43.5473579","0.4375
"
826,"3.625,49.5643","0.35000000000000003
"
827,"-115.64488149,36.25775449","-0.10286458333333337
"
828,"-80.249503,26.124354","0.25312500000000004
"
829,"-96.7977,32.7774","0.10625000000000001
"
830,"-81.32806152,48.47593351","0
"
831,"-78.87605195,42.93525957","0.075
"
832,"-73.47935661,45.6677507","0.525
"
833,"-74.0007613,40.7207559","0
"
834,"-97.06770325,33.03340149","0
"
835,"-118.2445,34.0564","-0.2
"
836,"73.20109207,22.2997739","0.25
"
837,"-74.9824,39.8537","0.13636363636363635
"
838,"-0.12781479,50.83375937","0.06944444444444443
"
839,"-70.95411877,42.17542584","0
"
840,"-82.5122,40.0675","0
"
841,"74.6391,26.4505","0.5
"
842,"-83.2166,42.3146","0.26666666666666666
"
843,"-73.9427655,40.7772534","-0.041666666666666664
"
844,"-123.92222222,45.99277778","0
"
845,"-74.0007613,40.7207559","0
"
846,"-86.4482,42.1111","0
"
847,"-86.4482,42.1111","0.5
"
848,"74.3436,31.5497","-0.15555555555555559
"
849,"-119.09898851,35.30797892","0
"
850,"3.39583,6.45306","0.7
"
851,"-1.4667,53.3833","0.15
"
852,"-0.77618376,53.39366156","0
"
853,"-75.1062,39.9372","0.35000000000000003
"
854,"-1.139479,51.569865","-0.08
"
855,"-74.0064,40.7142","0.13375
"
856,"77.01886,28.47033","0.06590909090909092
"
857,"-71.04393369,42.39268435","0.41666666666666663
"
858,"-82.64147936,27.79077473","0
"
859,"-77.03229658,38.91425336","0.25
"
860,"-73.56726563,45.63697547","0.1
"
861,"-74.0007613,40.7207559","-0.05
"
862,"-122.45758443,37.66061401","0
"
863,"-74.0007613,40.7207559","0
"
864,"-79.0556,35.913","0
"
865,"-76.87094,39.21218","0.175
"
866,"-80.15898056,25.79086944","0.8
"
867,"5.88914,51.65836","0
"
868,"36.78545923,-1.322153","0.275
"
869,"3.39583,6.45306","0.24444444444444446
"
870,"-71.8,42.3","0.5
"
871,"-4.27057,55.8365","-0.15555555555555559
"
872,"-90.0524,35.1426","0.095
"
873,"-66.63911,45.96063","0.41818181818181815
"
874,"-73.95,40.65","0.04583333333333333
"
875,"-73.56725453,45.75975883","0.03333333333333334
"
876,"-80.522317,43.46522","0.3
"
877,"-1.139477,51.569853","0.05000000000000001
"
878,"-73.956787,40.672497","0
"
879,"-90.070864,29.948479","-0.18181818181818182
"
880,"100.33783085,5.41684469","0
"
881,"-73.95071,40.80322","1
"
882,"-111.60197796,35.20444991","1
"
883,"-80.5617,28.0677","0.3
"
884,"-122.31599,47.60642","0
"
885,"-96.79470062,32.83620071","0.175
"
886,"-73.8603,40.7472","0.13636363636363635
"
887,"-0.792,51.432","0.275
"
888,"34.45,31.5167","0.4
"
889,"-77.61472222,43.05944444","0.13636363636363635
"
890,"-73.97543192,40.6919302","0.34659090909090906
"
891,"-63.4833,44.6167","0.35416666666666663
"
892,"-79.3872,43.648","0.044444444444444446
"
893,"-84.37854,39.25183","0
"
894,"-77.04722222,38.80472222","-0.23809523809523814
"
895,"-99.20189121,19.44342439","0.21428571428571427
"
896,"48.02653582,29.32633887","0
"
897,"80.9381,26.8388","0
"
898,"-74.0323,40.7429","0.2215909090909091
"
899,"39.61121163,24.46695253","0
"
900,"-1.15946732,50.65433016","-0.25
"
901,"-77.5817439,35.2640291","0
"
902,"4.35,50.85","0.9
"
903,"-73.9753699,40.7891854","0.5
"
904,"-95.36514,29.73588","0
"
905,"-3.70392222,40.42513056","1
"
906,"-0.52664839,51.88994716","0
"
907,"-121.96222222,37.54861111","0
"
908,"-117.925928,33.694334","0.4
"
909,"-79.12143,43.22228","0.43333333333333335
"
910,"-83.37694444,42.48527778","0.6166666666666667
"
911,"5.88914,51.65836","0
"
912,"-77.036488,38.897691","0.25
"
913,"-87.632496,41.883222","-0.15555555555555559
"
914,"73.8567,18.5203","0
"
915,"3.39583,6.45306","0.11111111111111112
"
916,"-73.79252025,41.18769382","0.6
"
917,"-73.9259,40.7722","0.8
"
918,"110.22325174,-7.45374083","0
"
919,"-74.457728,40.882863","0.24291666666666661
"
920,"-0.77619268,53.39361882","-0.16666666666666666
"
921,"-5.84,54.59093333","0
"
922,"-71.8,42.3","-0.1953125
"
923,"-79.3872,43.648","0
"
924,"-118.4843196,33.9990205","0
"
925,"13.041122,47.799644","-0.8
"
926,"-83.34379293,42.52043433","0
"
927,"-1.139475,51.569851","0.028571428571428564
"
928,"-97.73549055,30.26585335","0
"
929,"-74.0064,40.7142","0.13636363636363635
"
930,"-118.2445,34.0564","0
"
931,"-75.1397607,39.9479868","0.4444444444444444
"
932,"-82.40637,34.85026","-0.06547619047619048
"
933,"-1.139475,51.569851","-0.012500000000000011
"
934,"-73.98353,40.6783","0.1
"
935,"-114.141,35.2528","0
"
936,"-73.96555556,40.76916667","0.11071428571428572
"
937,"-4.33680764,55.87312538","0
"
938,"-73.56725453,45.75975883","0
"
939,"-73.9427655,40.7772534","0.3872727272727273
"
940,"-73.56726563,45.63697547","-0.04761904761904761
"
941,"35.4993,33.8892","0
"
942,"-82.08144,33.50887","0.17777777777777778
"
943,"-74.0064,40.7142","0.09659090909090909
"
944,"5.08221,52.02729","0.2333333333333333
"
945,"106.8335573,-6.21409133","0.16666666666666666
"
946,"-3.65063667,51.10706536","0.25277777777777777
"
947,"-75.0667,39.95776","0.15340909090909088
"
948,"-75.60048685,38.36624839","0.2
"
949,"-73.92094955,40.78024897","0
"
950,"-105.10785032,39.6680603","-0.27901785714285715
"
951,"-76.8,17.9833","0
"
952,"-79.65,43.6","0.125
"
953,"7.43333,6.41667","0
"
954,"-75.06532142,40.18018018","-0.09999999999999999
"
955,"-78.8494,42.9047","0
"
956,"-1.139475,51.569851","0.1
"
957,"-121.9012728,37.406992","0.625
"
958,"-98.9824,31.7079","0
"
959,"126.977,37.5689","-0.05
"
960,"-118.384,34.0847","-0.2
"
961,"0.10186,51.37879","0.25
"
962,"-84.7756403,37.6463832","0.11060606060606061
"
963,"-1.13947,51.569853","-0.11666666666666665
"
964,"-0.1094,51.5141","0
"
965,"-2.40047,53.52159","-0.1
"
966,"-74.0064,40.7142","0.175
"
967,"101.7109,3.1581","0.3333333333333333
"
968,"-118.2445,34.0564","0
"
969,"-77.3423,38.6483","-0.1875
"
970,"-118.36366846,33.97364878","0
"
971,"-4.2171876,53.28991014","-0.3662109375
"
972,"-84.1425,33.8909","0
"
973,"75.81797721,23.17926279","0
"
974,"-82.59855,35.65057","0.1
"
975,"25.63174,-25.85675","1
"
976,"73.22338907,19.18312736","0.25
"
977,"-90.06914735,29.97901669","0.4121212121212121
"
978,"-83.53186809,33.8422184","0
"
979,"-0.13608912,51.50413561","0.06666666666666664
"
980,"-118.378,34.1722","0.4625000000000001
"
981,"-87.40583333,39.66","0.1
"
982,"175.31666667,-41.11666667","0.2556818181818182
"
983,"-87.632496,41.883222","0
"
984,"-71.07,42.36318056","0
"
985,"-77.46190421,37.42667405","0.14583333333333334
"
986,"-122.390304,37.615792","0
"
987,"-118.2445,34.0564","0
"
988,"-73.4949,41.1468","0.084375
"
989,"-95.3694,29.7602","-0.075
"
990,"-1.43801602,52.4215926","0.375
"
991,"114.01064987,22.30555088","0.734375
"
992,"-4.33680764,55.87312538","0
"
993,"-73.72267204,42.71201518","0.19318181818181818
"
994,"-0.1094,51.5141","0.019999999999999997
"
995,"-98.5,29.4167","0
"
996,"-80.1936,25.7751","-0.11931818181818182
"
997,"-122.22044616,47.85169553","0.125
"
998,"-73.56726563,45.63697547","0
"
999,"-74.0007613,40.7207559","0
"
1000,"-73.97152521,40.75550695","0
"
1001,"-77.04722222,38.80472222","0.05833333333333333
"
1002,"-82.7531304,28.0615819","0.21428571428571427
"
1003,"36.7059,-1.3281","0.125
"
1004,"-157.93041466,21.37240745","0
"
1005,"-73.68255615,40.76390128","-0.05
"
1006,"116.43310547,40.15158756","0.3
"
1007,"76.2619,9.9328","0
"
1008,"7.443534,10.516765","0.18214285714285716
"
1009,"3.31043024,6.50734026","0
"
1010,"-74.6531,40.48254","0.21103896103896103
"
1011,"-81.34,32.37","0.15
"
1012,"-97.20515236,32.83979413","0.39166666666666666
"
1013,"-84.5184,33.8719","0.44642857142857145
"
1014,"-73.94004722,40.79795556","0
"
1015,"0.41573,52.75731","0.05583333333333334
"
1016,"-73.84350331,40.74593584","0.15
"
1017,"-86.808583,33.507123","-0.125
"
1018,"78.1131,9.9251","0.25
"
1019,"-86.877488,12.435188","0.06944444444444443
"
1020,"-80.1418,26.1358","-0.2125
"
1021,"2.3665256,48.84146416","0.13282828282828282
"
1022,"-73.8309,40.7","0.11818181818181818
"
1023,"-74.0064,40.7142","0.125
"
1024,"-74.0007613,40.7207559","0
"
1025,"-75.1062,39.9372","0
"
1026,"-79.7283,43.6286","0.3
"
1027,"-85.9182,41.6347","0.125
"
1028,"123.88331297,10.3150711","-0.009884559884559888
"
1029,"-73.56725453,45.75975883","0.3181818181818182
"
1030,"-82.98163,39.9617999","0.25
"
1031,"151.21416016,-33.81345207","0
"
1032,"-84.03,33.96","0.5
"
1033,"-80.3569664,43.401216","-0.058712121212121215
"
1034,"-2.9794,53.4078","0.020833333333333332
"
1035,"-4.33680764,55.87312538","0
"
1036,"-117.5870049,33.6514104","0.2
"
1037,"-79.7164011,43.7742911","0.18181818181818182
"
1038,"-104.9042,39.5805","0.5625
"
1039,"-0.216667,51.4333","-0.2569444444444444
"
1040,"-118.225,33.89666667","0
"
1041,"-80.44537,25.08986","-0.1
"
1042,"55.25215517,25.13971302","0.4
"
1043,"-122.67522,45.55133","-0.3
"
1044,"-115.149,36.1675","0.35
"
1045,"3.39583,6.45306","0.5
"
1046,"-87.3949955,37.9747099","0.24242424242424243
"
1047,"-72.9253,41.3089","0.29139610389610393
"
1048,"-99.1332,19.4326","0.10833333333333334
"
1049,"-2.9794,53.4078","0.2916666666666667
"
1050,"-80.28091469,25.97734614","0.11742424242424243
"
1051,"-73.98298,40.75319","0
"
1052,"-75.35896394,40.12923704","0
"
1053,"-122.33872,47.603017","0
"
1054,"116.43310547,40.15158756","0
"
1055,"3.39583,6.45306","0
"
1056,"-81.4285,28.3571","0
"
1057,"0.24142027,52.02573834","0.24675324675324675
"
1058,"-115.17324484,36.10338949","0.08333333333333333
"
1059,"-77.51326561,38.29148603","0.16717171717171717
"
1060,"-119.66197543,34.44909815","0.08125
"
1061,"-98.22783,26.21441","0
"
1062,"0.81552029,51.6301173","0
"
1063,"-79.5463,43.8282","0.016666666666666666
"
1064,"-1.90332,52.4812","0
"
1065,"-91.525,41.6558","0.125
"
1066,"-73.56726563,45.63697547","0.05
"
1067,"-71.464,42.7579","0.08484848484848484
"
1068,"-73.56725453,45.75975883","0.025
"
1069,"-117.51755864,33.88763969","0.25
"
1070,"-87.4804,41.5957","0
"
1071,"-95.7129,37.0902","-0.06666666666666667
"
1072,"-114.23471197,44.5050876","0
"
1073,"-58.1600723,6.81800595","-0.875
"
1074,"-2.25012202,53.47799634","0
"
1075,"-87.4804,41.5957","-0.2
"
1076,"-6.92611,52.8408","0
"
1077,"-73.95240948,40.79129001","-0.6
"
1078,"0.00027671,-0.00018719","0.2708333333333333
"
1079,"-1.139471,51.569848","-0.026562500000000003
"
1080,"4.9001,52.3777","0
"
1081,"-3.21827903,51.51210103","-0.05208333333333333
"
1082,"-73.56725453,45.75975883","0.09208333333333332
"
1083,"-2.18091488,53.00778835","0.22727272727272727
"
1084,"-118.242349,34.053345","0.25757575757575757
"
1085,"-118.2445,34.0564","0.35714285714285715
"
1086,"-3.436,55.3781","-0.75
"
1087,"7.4833,9.0667","0.3833333333333333
"
1088,"7.4833,9.0667","0
"
1089,"-96.7977,32.7774","0.3333333333333333
"
1090,"3.85698438,7.36300952","0
"
1091,"-87.4804,41.5957","0
"
1092,"-97.92818,29.88609","0.5
"
1093,"3.39583,6.45306","0.0611111111111111
"
1094,"-95.7129,37.0902","-0.4
"
1095,"-1.139476,51.569852","0.030000000000000006
"
1096,"-6.92611,52.8408","0
"
1097,"-86.09306662,39.85223389","-1
"
1098,"-114.1096,51.79617","0.4
"
1099,"-73.56725453,45.75975883","0.04242424242424242
"
1100,"-117.566,33.8753","-0.75
"
1101,"-77.0367,38.8951","-0.1875
"
1102,"0.69072733,51.54439656","0.45
"
1103,"115.859,-31.9522","0.13333333333333333
"
1104,"-87.4804,41.5957","0.25
"
1105,"-81.3792,35.3812","0.4166666666666667
"
1106,"-84.42336,39.25415","0.26666666666666666
"
1107,"-73.47935661,45.6677507","-0.20625000000000002
"
1108,"-117.51755864,33.88763969","0
"
1109,"-66.86166644,10.47232601","0
"
1110,"-74.0064,40.7142","0
"
1111,"-90.070864,29.948479","0.3181818181818182
"
1112,"-0.10373815,51.57532205","0
"
1113,"-73.56725453,45.75975883","-0.25
"
1114,"-76.34365836,37.02590638","1
"
1115,"-77.0367,38.8951","0
"
1116,"-1.139471,51.569848","-0.11785714285714288
"
1117,"-118.40033,34.07347","0.25
"
1118,"-123.3645,48.4287","0.6416666666666667
"
1119,"-112.0851656,33.58261317","0.0625
"
1120,"7.4833,9.0667","0
"
1121,"-73.9675,40.7779","0.2681818181818182
"
1122,"8.53176897,11.96909832","0.125
"
1123,"-76.6167,39.2983","0.0975
"
1124,"-97.7475,30.2677","0.5
"
1125,"-2.73181,53.34161","0.2
"
1126,"-113.5989413,53.5631449","0.30000000000000004
"
1127,"-94.190813,30.3282512","0.25
"
1128,"-3.436,55.3781","-0.4
"
1129,"-114.23471197,44.5050876","0
"
1130,"-79.4855966,45.81660826","-0.04375
"
1131,"-84.3889,33.7566","0.6103515625
"
1132,"-117.5655,33.8752","0.3
"
1133,"-74.2284,40.8798","0.5232142857142857
"
1134,"-95.7129,37.0902","-0.08571428571428572
"
1135,"-118.24874042,34.03742524","0.2852272727272727
"
1136,"-81.77945934,41.49340058","0.4000000000000001
"
1137,"-72.7,41.6","0
"
1138,"-63.3044992,45.367296","0.07222222222222222
"
1139,"-73.98626111,40.75658889","0
"
1140,"-75.15524469,39.96642376","0.1025
"
1141,"-74.1922469,40.80517445","0
"
1142,"120.2418728,14.91243721","1
"
1143,"-73.96555556,40.76916667","0.11071428571428572
"
1144,"-74.0064,40.7142","0.13636363636363635
"
1145,"7.4833,9.0667","0.3833333333333333
"
1146,"-73.97224443,40.75625313","0
"
1147,"136,35","0.10833333333333334
"
1148,"-83.535099,41.653263","0
"
1149,"-79.7164011,43.7742911","0
"
1150,"-117.13716,32.7689","-0.5
"
1151,"-111.883,40.75","-0.0625
"
1152,"-81.3775,28.5421","0.7
"
1153,"-87.4804,41.5957","0
"
1154,"-74.01288613,40.7202128","0.1
"
1155,"-87.4804,41.5957","0.25
"
1156,"-97.73549055,30.26585335","0
"
1157,"-87.62851417,41.86825055","0.5
"
1158,"-86.38027778,43.37722222","0.1361111111111111
"
1159,"5.68333,50.85","0.10000000000000002
"
1160,"-98.23507443,19.05971619","0
"
1161,"-66.85024596,10.29323873","0
"
1162,"-74.00812,40.71665","0.7333333333333334
"
1163,"174.7657,-36.8473","0.13636363636363635
"
1164,"-73.98874654,40.729123","0
"
1165,"-86.1582,39.7692","0.55
"
1166,"-87.88862847,42.98004774","0
"
1167,"-76.98428487,38.89510675","0
"
1168,"-120.663,35.2743","-0.25
"
1169,"-95.51745626,29.74060152","-0.5666666666666668
"
1170,"-122.24761342,38.12628408","0.25
"
1171,"-97.73549055,30.26585335","-0.30000000000000004
"
1172,"-122.603,45.6337","0
"
1173,"-66.91487202,10.50502625","0
"
1174,"-117.8533,33.7877","0
"
1175,"-80.1001,26.3687","-0.2125
"
1176,"-79.332039,43.661927","0.16666666666666666
"
1177,"-87.632496,41.883222","0
"
1178,"-73.8669,40.85","0.30000000000000004
"
1179,"-118.2445,34.0564","0.1875
"
1180,"-73.98622067,40.73100042","0
"
1181,"-117.750158,34.057766","0
"
1182,"-82.4558,27.9473","0.2
"
1183,"112.01777,-7.8252","0
"
1184,"-71.76604143,42.28712108","0
"
1185,"-104.98360001,39.7391","0.05
"
1186,"-118.44076154,34.15760308","0.6
"
1187,"-122.38013922,47.57623223","0
"
1188,"3.39583,6.45306","0.4916666666666667
"
1189,"-73.99990508,40.76451093","0.25
"
1190,"-73.9259,40.7722","0.13636363636363635
"
1191,"-111.07427917,45.67070719","0.375
"
1192,"-70.74084647,42.13092282","0
"
1193,"-80.1936,25.7751","-0.5
"
1194,"32.5282,15.6034","0
"
1195,"-98.41541157,29.46049624","0.15
"
1196,"-82.5122,40.0675","0
"
1197,"-73.7025,40.7016","-0.007575757575757583
"
1198,"-80.49651614,43.45494464","0.65
"
1199,"-73.84350331,40.74593584","0.13636363636363635
"
1200,"-73.7622,41.0307","0.45227272727272727
"
1201,"-104.9172795,39.7055371","0.012121212121212125
"
1202,"-73.8603,40.7472","0.13636363636363635
"
1203,"143.733,-6.33333","0
"
1204,"-78.9072,35.9886","0.17142857142857143
"
1205,"-87.4804,41.5957","0
"
1206,"115.16736031,-8.6773787","0.26666666666666666
"
1207,"-97.96527778,29.57444444","0.6083333333333333
"
1208,"-118.2445,34.0564","-0.03219696969696971
"
1209,"-76.8,17.9833","0
"
1210,"-74.835327,40.173824","0
"
1211,"-84.34797619,39.07445544","0.225
"
1212,"7.4560047,9.0528594","0.7
"
1213,"-95.3694,29.7602","0
"
1214,"-111.883,40.75","0
"
1215,"-73.8603,40.7472","0.13636363636363635
"
1216,"12,43","-0.26666666666666666
"
1217,"0.1195,51.5033","0.375
"
1218,"121.03634781,14.63927286","0.1590909090909091
"
1219,"151.21368,-33.88801","0.125
"
1220,"-84.34797619,39.07445544","0.225
"
1221,"-115.14282,36.09957","0.5
"
1222,"-73.8603,40.7472","0.13636363636363635
"
1223,"-82.4558,27.9473","0
"
1224,"-73.56726563,45.63697547","0
"
1225,"-117.566,33.8753","0.13636363636363635
"
1226,"115.16736031,-8.6773787","0.26666666666666666
"
1227,"-97.06770325,33.03340149","0
"
1228,"-104.9147983,39.7038374","-0.3185714285714286
"
1229,"106.7313615,-6.14251999","0
"
1230,"79.02565,28.7782","0.32499999999999996
"
1231,"-80.1001,26.3687","0.4593750000000001
"
1232,"115.16736031,-8.6773787","0.26666666666666666
"
1233,"-79.0556,35.913","0.04166666666666673
"
1234,"-111.07427917,45.67070719","0
"
1235,"-74.0064,40.7142","0.06818181818181818
"
1236,"-96.62249756,32.92520142","0.22727272727272727
"
1237,"126.98244019,37.54274326","0.14267676767676768
"
1238,"119.9,-8.48333","0.13333333333333333
"
1239,"-77.71501549,39.13645664","0.10803571428571429
"
1240,"-81.63166667,28.13333333","0.1
"
1241,"-0.13608912,51.50413561","-0.15
"
1242,"144.96452,-37.8139","0.3
"
1243,"-97.06770325,33.03340149","0.13636363636363635
"
1244,"151.20797,-33.86751","0.35
"
1245,"-84.61527778,34.02333333","0
"
1246,"-123.3645,48.4287","0
"
1247,"-111.66069858,35.17933794","0.002777777777777768
"
1248,"-73.8603,40.7472","-0.02121212121212122
"
1249,"-81.3792,35.3812","0.8333333333333334
"
1250,"-118.2675,34.09444444","0.20833333333333334
"
1251,"-73.8603,40.7472","0.13636363636363635
"
1252,"-118.2445,34.0564","0.041666666666666664
"
1253,"174.77688,-36.87073","0.625
"
1254,"-123.1366,49.1627","0.09999999999999999
"
1255,"-73.7623479,40.6977308","0
"
1256,"-91.19025217,30.52248314","0.04545454545454545
"
1257,"-73.56725453,45.75975883","0.18181818181818182
"
1258,"-97.18191295,49.8543607","0.1
"
1259,"-73.56725453,45.75975883","0
"
1260,"-120.663,35.2743","0
"
1261,"-73.47935661,45.6677507","0.15
"
1262,"-73.56726563,45.63697547","0
"
1263,"-117.2924204,34.12438986","0
"
1264,"-122.39719,37.76266","0.3125
"
1265,"121.5,31.2","0.3
"
1266,"-73.56725453,45.75975883","0.3590909090909091
"
1267,"-79.38512824,43.6408863","0
"
1268,"-118.2445,34.0564","0.15
"
1269,"-90.04,29.9628","0.029843073593073588
"
1270,"77.19102783,28.5974128","0.15
"
1271,"-74.0064,40.7142","0.13636363636363635
"
1272,"-77.27126,38.86817","0.4513888888888889
"
1273,"-96.84870148,33.15380096","0
"
1274,"-74.0064,40.7142","0.13636363636363635
"
1275,"-73.9259,40.7722","-0.09375
"
1276,"124.95827323,11.28833681","0.18888888888888888
"
1277,"-1.86980441,50.74433653","0
"
1278,"-81.32806152,48.47593351","0
"
1279,"-117.86996,33.59552","0.5
"
1280,"-73.972216,40.77274259","0
"
1281,"-119.0337837,35.3378751","0.8
"
1282,"-75.1651,39.9527","-0.09999999999999998
"
1283,"-92.1042748,32.50096055","0.3314393939393939
"
1284,"-118.2445,34.0564","-0.09166666666666667
"
1285,"77.21468578,28.55898833","0.5
"
1286,"-122.3253567,47.6042393","0.43333333333333335
"
1287,"-79.7164011,43.7742911","0.13636363636363635
"
1288,"-79.4094556,43.67815","0.8
"
1289,"100.4557156,5.3635456","0.5
"
1290,"151.20797,-33.86751","0
"
1291,"-114.36666667,43.66666667","0
"
1292,"-75.1651,39.9527","-0.12083333333333335
"
1293,"91.8262096,22.3478191","0
"
1294,"-118.49227,34.01158","0.225
"
1295,"-122.747,48.9322","-0.12916666666666668
"
1296,"144.9502,-37.7096","0.48
"
1297,"-73.56725453,45.75975883","0.25
"
1298,"-96.7847,46.8789","0
"
1299,"-75.59468317,6.18968463","-0.6999999999999998
"
1300,"-85.58,44.34","0.1875
"
1301,"-79.9372,32.7872","0.125
"
1302,"-78.3195,44.30592","0.6
"
1303,"-77.6204,43.1557","0.15714285714285717
"
1304,"-96.80138889,36.33638889","0
"
1305,"115.16736031,-8.6773787","0.26666666666666666
"
1306,"151.20797,-33.86751","0.30000000000000004
"
1307,"-85.30584,35.03573","0.2357142857142857
"
1308,"-122.45955,37.67771","0.05
"
1309,"-58.51909261,-34.85204083","0
"
1310,"-96.74520111,32.9632988","0
"
1311,"-96.7977,32.7774","0
"
1312,"85.310244,27.713776","0.35000000000000003
"
1313,"-73.751636,40.707443","0
"
1314,"176.91916102,-39.49067712","0
"
1315,"8.8833,9.9333","0.2
"
1316,"-120.08082658,36.97652892","0.25
"
1317,"-84.3889,33.7566","0.2
"
1318,"100.65507813,13.86200131","0.06000000000000001
"
1319,"-74.0064,40.7142","0.09318181818181817
"
1320,"-79.3872,43.648","0
"
1321,"151.20797,-33.86751","0
"
1322,"151.20797,-33.86751","0
"
1323,"-154.9495404,19.5686312","0
"
1324,"-84.3889,33.7566","0.1111111111111111
"
1325,"7.42936372,8.96389499","0
"
1326,"72.8764,19.0627","-0.6
"
1327,"-87.65526472,41.72657052","0.175
"
1328,"-117.9895294,33.6593209","0
"
1329,"-73.9051,40.8787","0
"
1330,"-118.2293731,34.18872781","1
"
1331,"116.52099609,40.01709786","0.1574074074074074
"
1332,"-118.39561,34.14453","-0.125
"
1333,"-84.5,39.13333333","0
"
1334,"3.39583,6.45306","-0.3
"
1335,"-118.1164613,34.5794343","0
"
1336,"-118.47399873,46.04728282","0
"
1337,"46.71,24.6769","0
"
1338,"7.42936372,8.96389499","0
"
1339,"-73.56725453,45.75975883","0.225
"
1340,"-93.6914,32.5177","0
"
1341,"-76.614,39.2944","-0.05799999999999996
"
1342,"26.9809743,37.7526043","0.2785714285714286
"
1343,"-71.4221,41.8236","0.1
"
1344,"-0.0810585,51.5167977","0
"
1345,"-80.0667604,37.279378","0
"
1346,"-90.1978,38.6272","0.2
"
1347,"-78.3195,44.30592","0.6
"
1348,"24,-29","0.40909090909090906
"
1349,"151.20797,-33.86751","0
"
1350,"121.03634781,14.63927286","0.1590909090909091
"
1351,"-83.9179,35.9642","0
"
1352,"-118.63575,34.03653","0.55
"
1353,"39.23486148,21.49667261","0
"
1354,"-73.56726563,45.63697547","0
"
1355,"7.42936372,8.96389499","0
"
1356,"-80.6495,41.1001","1
"
1357,"72.85824856,19.28080909","0.30625
"
1358,"-72.87785036,40.75258205","-0.1
"
1359,"103.8601612,13.3592704","-0.041666666666666664
"
1360,"35.016,-15.788","-0.25
"
1361,"-95.35900225,29.74660701","0
"
1362,"120.9181056,13.8385274","0.5
"
1363,"-74.1545,40.8679","0.25
"
1364,"-71.3833,41.5167","0
"
1365,"-93.62040577,41.58521648","0.19916666666666666
"
